{"resourceType":"StructureDefinition","id":"RTO-PQ-PQ","text":{"status":"generated","div":"<div xmlns=\"http://www.w3.org/1999/xhtml\"><table border=\"0\" cellpadding=\"0\" cellspacing=\"0\" style=\"border: 0px #F0F0F0 solid; font-size: 11px; font-family: verdana; vertical-align: top;\"><tr style=\"border: 1px #F0F0F0 solid; font-size: 11px; font-family: verdana; vertical-align: top;\"><th style=\"vertical-align: top; text-align : left; background-color: white; border: 0px #F0F0F0 solid; padding:0px 4px 0px 4px\" class=\"hierarchy\"><a href=\"http://hl7.org/fhir/R4/formats.html#table\" title=\"The logical name of the element\">Name</a></th><th style=\"vertical-align: top; text-align : left; background-color: white; border: 0px #F0F0F0 solid; padding:0px 4px 0px 4px\" class=\"hierarchy\"><a href=\"http://hl7.org/fhir/R4/formats.html#table\" title=\"Information about the use of the element\">Flags</a></th><th style=\"vertical-align: top; text-align : left; background-color: white; border: 0px #F0F0F0 solid; padding:0px 4px 0px 4px\" class=\"hierarchy\"><a href=\"http://hl7.org/fhir/R4/formats.html#table\" title=\"Minimum and Maximum # of times the the element can appear in the instance\">Card.</a></th><th style=\"width: 100px\" class=\"hierarchy\"><a href=\"http://hl7.org/fhir/R4/formats.html#table\" title=\"Reference to the type of the element\">Type</a></th><th style=\"vertical-align: top; text-align : left; background-color: white; border: 0px #F0F0F0 solid; padding:0px 4px 0px 4px\" class=\"hierarchy\"><a href=\"http://hl7.org/fhir/R4/formats.html#table\" title=\"Additional information about the element\">Description &amp; Constraints</a><span style=\"float: right\"><a href=\"http://hl7.org/fhir/R4/formats.html#table\" title=\"Legend for this format\"><img src=\"http://hl7.org/fhir/R4/help16.png\" alt=\"doco\" style=\"background-color: inherit\"/></a></span></th></tr><tr style=\"border: 0px #F0F0F0 solid; padding:0px; vertical-align: top; background-color: white;\"><td style=\"vertical-align: top; text-align : left; background-color: white; border: 0px #F0F0F0 solid; padding:0px 4px 0px 4px; white-space: nowrap; background-image: url(tbl_bck1.png)\" class=\"hierarchy\"><img src=\"tbl_spacer.png\" alt=\".\" style=\"background-color: inherit\" class=\"hierarchy\"/><img src=\"icon_element.gif\" alt=\".\" style=\"background-color: white; background-color: inherit\" title=\"Element\" class=\"hierarchy\"/> <a href=\"{{[type]}}-{{[id]}}-definitions.html#RTO-PQ-PQ\" title=\"null\">RTO-PQ-PQ</a><a name=\"RTO-PQ-PQ\"> </a></td><td style=\"vertical-align: top; text-align : left; background-color: white; border: 0px #F0F0F0 solid; padding:0px 4px 0px 4px\" class=\"hierarchy\"/><td style=\"vertical-align: top; text-align : left; background-color: white; border: 0px #F0F0F0 solid; padding:0px 4px 0px 4px\" class=\"hierarchy\">1..*</td><td style=\"vertical-align: top; text-align : left; background-color: white; border: 0px #F0F0F0 solid; padding:0px 4px 0px 4px\" class=\"hierarchy\"><a href=\"StructureDefinition-QTY.html\">QTY</a></td><td style=\"vertical-align: top; text-align : left; background-color: white; border: 0px #F0F0F0 solid; padding:0px 4px 0px 4px\" class=\"hierarchy\"/></tr>\r\n<tr style=\"border: 0px #F0F0F0 solid; padding:0px; vertical-align: top; background-color: #F7F7F7;\"><td style=\"vertical-align: top; text-align : left; background-color: #F7F7F7; border: 0px #F0F0F0 solid; padding:0px 4px 0px 4px; white-space: nowrap; background-image: url(tbl_bck10.png)\" class=\"hierarchy\"><img src=\"tbl_spacer.png\" alt=\".\" style=\"background-color: inherit\" class=\"hierarchy\"/><img src=\"tbl_vjoin.png\" alt=\".\" style=\"background-color: inherit\" class=\"hierarchy\"/><img src=\"icon_resource.png\" alt=\".\" style=\"background-color: #F7F7F7; background-color: inherit\" title=\"Resource\" class=\"hierarchy\"/> <a href=\"{{[type]}}-{{[id]}}-definitions.html#RTO-PQ-PQ.numerator\" title=\"The quantity that is being divided in the ratio. The default is the integer number 1 (one.)\">numerator</a><a name=\"RTO-PQ-PQ.numerator\"> </a></td><td style=\"vertical-align: top; text-align : left; background-color: #F7F7F7; border: 0px #F0F0F0 solid; padding:0px 4px 0px 4px\" class=\"hierarchy\"/><td style=\"vertical-align: top; text-align : left; background-color: #F7F7F7; border: 0px #F0F0F0 solid; padding:0px 4px 0px 4px\" class=\"hierarchy\">0..1</td><td style=\"vertical-align: top; text-align : left; background-color: #F7F7F7; border: 0px #F0F0F0 solid; padding:0px 4px 0px 4px\" class=\"hierarchy\"><a href=\"StructureDefinition-PQ.html\">http://hl7.org/fhir/cda/StructureDefinition/PQ</a></td><td style=\"vertical-align: top; text-align : left; background-color: #F7F7F7; border: 0px #F0F0F0 solid; padding:0px 4px 0px 4px\" class=\"hierarchy\"/></tr>\r\n<tr style=\"border: 0px #F0F0F0 solid; padding:0px; vertical-align: top; background-color: white;\"><td style=\"vertical-align: top; text-align : left; background-color: white; border: 0px #F0F0F0 solid; padding:0px 4px 0px 4px; white-space: nowrap; background-image: url(tbl_bck00.png)\" class=\"hierarchy\"><img src=\"tbl_spacer.png\" alt=\".\" style=\"background-color: inherit\" class=\"hierarchy\"/><img src=\"tbl_vjoin_end.png\" alt=\".\" style=\"background-color: inherit\" class=\"hierarchy\"/><img src=\"icon_resource.png\" alt=\".\" style=\"background-color: white; background-color: inherit\" title=\"Resource\" class=\"hierarchy\"/> <a href=\"{{[type]}}-{{[id]}}-definitions.html#RTO-PQ-PQ.denominator\" title=\"The quantity that devides the numerator in the ratio. The default is the integer number 1 (one.) The denominator must not be zero.\">denominator</a><a name=\"RTO-PQ-PQ.denominator\"> </a></td><td style=\"vertical-align: top; text-align : left; background-color: white; border: 0px #F0F0F0 solid; padding:0px 4px 0px 4px\" class=\"hierarchy\"/><td style=\"vertical-align: top; text-align : left; background-color: white; border: 0px #F0F0F0 solid; padding:0px 4px 0px 4px\" class=\"hierarchy\">0..1</td><td style=\"vertical-align: top; text-align : left; background-color: white; border: 0px #F0F0F0 solid; padding:0px 4px 0px 4px\" class=\"hierarchy\"><a href=\"StructureDefinition-PQ.html\">http://hl7.org/fhir/cda/StructureDefinition/PQ</a></td><td style=\"vertical-align: top; text-align : left; background-color: white; border: 0px #F0F0F0 solid; padding:0px 4px 0px 4px\" class=\"hierarchy\"/></tr>\r\n<tr><td colspan=\"5\" class=\"hierarchy\"><br/><a href=\"http://hl7.org/fhir/R4/formats.html#table\" title=\"Legend for this format\"><img src=\"http://hl7.org/fhir/R4/help16.png\" alt=\"doco\" style=\"background-color: inherit\"/> Documentation for this format</a></td></tr></table></div>"},"extension":[{"url":"http://hl7.org/fhir/StructureDefinition/elementdefinition-namespace","valueUri":"urn:hl7-org:v3"}],"url":"http://hl7.org/fhir/cda/StructureDefinition/RTO-PQ-PQ","version":"2.1.0","name":"RTO-PQ-PQ","title":"RTO-PQ-PQ: Ratio (V3 Data Type)","status":"active","experimental":false,"date":"2019-12-16T15:43:01-08:00","publisher":"Health Level 7","description":"A quantity constructed as the quotient of a numerator quantity divided by a denominator quantity. Common factors in the numerator and denominator are not automatically cancelled out. The data type supports titers (e.g., \"1:128\") and other quantities produced by laboratories that truly represent ratios. Ratios are not simply \"structured numerics\", particularly blood pressure measurements (e.g. \"120/60\") are not ratios. In many cases the should be used instead of the .","fhirVersion":"4.0.1","kind":"logical","abstract":false,"type":"RTO-PQ-PQ","baseDefinition":"http://hl7.org/fhir/cda/StructureDefinition/QTY","derivation":"specialization","snapshot":{"element":[{"id":"RTO-PQ-PQ","path":"RTO-PQ-PQ","definition":"is an abstract generalization for all data types (1) whose value set has an order relation (less-or-equal) and (2) where difference is defined in all of the data type's totally ordered value subsets. The quantity type abstraction is needed in defining certain other types, such as the interval and the probability distribution.","min":1,"max":"*","base":{"path":"Base","min":0,"max":"*"},"isModifier":false},{"id":"RTO-PQ-PQ.nullFlavor","path":"RTO-PQ-PQ.nullFlavor","representation":["xmlAttr"],"label":"Exceptional Value Detail","definition":"If a value is an exceptional value (NULL-value), this specifies in what way and why proper information is missing.","min":0,"max":"1","base":{"path":"ANY.nullFlavor","min":0,"max":"1"},"type":[{"code":"code"}],"binding":{"strength":"required","valueSet":"http://terminology.hl7.org/ValueSet/v3-NullFlavor"}},{"id":"RTO-PQ-PQ.numerator","path":"RTO-PQ-PQ.numerator","label":"Numerator","definition":"The quantity that is being divided in the ratio. The default is the integer number 1 (one.)","min":0,"max":"1","base":{"path":"RTO-PQ-PQ.numerator","min":0,"max":"1"},"type":[{"code":"http://hl7.org/fhir/cda/StructureDefinition/PQ"}]},{"id":"RTO-PQ-PQ.denominator","path":"RTO-PQ-PQ.denominator","label":"Denominator","definition":"The quantity that devides the numerator in the ratio. The default is the integer number 1 (one.) The denominator must not be zero.","min":0,"max":"1","base":{"path":"RTO-PQ-PQ.denominator","min":0,"max":"1"},"type":[{"code":"http://hl7.org/fhir/cda/StructureDefinition/PQ"}]}]},"differential":{"element":[{"id":"RTO-PQ-PQ","path":"RTO-PQ-PQ","min":1,"max":"*"},{"id":"RTO-PQ-PQ.numerator","path":"RTO-PQ-PQ.numerator","label":"Numerator","definition":"The quantity that is being divided in the ratio. The default is the integer number 1 (one.)","min":0,"max":"1","type":[{"code":"http://hl7.org/fhir/cda/StructureDefinition/PQ"}]},{"id":"RTO-PQ-PQ.denominator","path":"RTO-PQ-PQ.denominator","label":"Denominator","definition":"The quantity that devides the numerator in the ratio. The default is the integer number 1 (one.) The denominator must not be zero.","min":0,"max":"1","type":[{"code":"http://hl7.org/fhir/cda/StructureDefinition/PQ"}]}]}}