{"resourceType":"StructureDefinition","id":"Custodian","text":{"status":"generated","div":"<div xmlns=\"http://www.w3.org/1999/xhtml\">\n      <p>Represents the organization that is in charge of maintaining the document. The custodian is the steward that is entrusted with the care of the document. Every CDA document has exactly one custodian.</p>\n      <p>The custodian participation satisfies the CDA definition of Stewardship (see What is the CDA (§ 1.1 )). Because CDA is an exchange standard and may not represent the original form of the authenticated document, the custodian represents the steward of the original source document.</p>\n    </div>"},"extension":[{"url":"http://hl7.org/fhir/StructureDefinition/elementdefinition-namespace","valueUri":"urn:hl7-org:v3"}],"url":"http://hl7.org/fhir/cda/StructureDefinition/Custodian","version":"2.1.0","name":"CDAR2.Custodian","title":"Custodian (CDA Class)","status":"active","experimental":false,"date":"2019-12-16T15:43:01-08:00","publisher":"Health Level 7","description":"Represents the organization that is in charge of maintaining the document. The custodian is the steward that is entrusted with the care of the document. Every CDA document has exactly one custodian.The custodian participation satisfies the CDA definition of Stewardship (see What is the CDA (§ 1.1 )). Because CDA is an exchange standard and may not represent the original form of the authenticated document, the custodian represents the steward of the original source document.","fhirVersion":"4.0.1","kind":"logical","abstract":false,"type":"Custodian","baseDefinition":"http://hl7.org/fhir/StructureDefinition/Base","derivation":"specialization","snapshot":{"element":[{"id":"Custodian","path":"Custodian","min":1,"max":"1","base":{"path":"Base","min":0,"max":"*"},"isModifier":false},{"id":"Custodian.nullFlavor","path":"Custodian.nullFlavor","representation":["xmlAttr"],"label":"Exceptional Value Detail","definition":"If a value is an exceptional value (NULL-value), this specifies in what way and why proper information is missing.","min":0,"max":"1","base":{"path":"Custodian.nullFlavor","min":0,"max":"1"},"type":[{"code":"code"}],"binding":{"strength":"required","valueSet":"http://terminology.hl7.org/ValueSet/v3-NullFlavor"}},{"id":"Custodian.typeCode","path":"Custodian.typeCode","representation":["xmlAttr"],"min":0,"max":"1","base":{"path":"Custodian.typeCode","min":0,"max":"1"},"type":[{"code":"code"}],"fixedCode":"ENT","binding":{"strength":"required","valueSet":"http://terminology.hl7.org/ValueSet/v3-ParticipationType"}},{"id":"Custodian.realmCode","path":"Custodian.realmCode","definition":"When valued in an instance, this attribute signals the imposition of realm-specific constraints. The value of this attribute identifies the realm in question","min":0,"max":"*","base":{"path":"Custodian.realmCode","min":0,"max":"*"},"type":[{"code":"http://hl7.org/fhir/cda/StructureDefinition/CS"}]},{"id":"Custodian.typeId","path":"Custodian.typeId","definition":"When valued in an instance, this attribute signals the imposition of constraints defined in an HL7-specified message type. This might be a common type (also known as CMET in the messaging communication environment), or content included within a wrapper. The value of this attribute provides a unique identifier for the type in question.","min":0,"max":"1","base":{"path":"Custodian.typeId","min":0,"max":"1"},"type":[{"code":"http://hl7.org/fhir/cda/StructureDefinition/II"}]},{"id":"Custodian.templateId","path":"Custodian.templateId","definition":"When valued in an instance, this attribute signals the imposition of a set of template-defined constraints. The value of this attribute provides a unique identifier for the templates in question","min":0,"max":"*","base":{"path":"Custodian.templateId","min":0,"max":"*"},"type":[{"code":"http://hl7.org/fhir/cda/StructureDefinition/II"}]},{"id":"Custodian.assignedCustodian","path":"Custodian.assignedCustodian","min":1,"max":"1","base":{"path":"Custodian.assignedCustodian","min":1,"max":"1"},"type":[{"code":"http://hl7.org/fhir/cda/StructureDefinition/AssignedCustodian"}]}]},"differential":{"element":[{"id":"Custodian","path":"Custodian","min":1,"max":"1"},{"id":"Custodian.nullFlavor","path":"Custodian.nullFlavor","representation":["xmlAttr"],"label":"Exceptional Value Detail","definition":"If a value is an exceptional value (NULL-value), this specifies in what way and why proper information is missing.","min":0,"max":"1","type":[{"code":"code"}],"binding":{"strength":"required","valueSet":"http://terminology.hl7.org/ValueSet/v3-NullFlavor"}},{"id":"Custodian.typeCode","path":"Custodian.typeCode","representation":["xmlAttr"],"min":0,"max":"1","type":[{"code":"code"}],"fixedCode":"ENT","binding":{"strength":"required","valueSet":"http://terminology.hl7.org/ValueSet/v3-ParticipationType"}},{"id":"Custodian.realmCode","path":"Custodian.realmCode","definition":"When valued in an instance, this attribute signals the imposition of realm-specific constraints. The value of this attribute identifies the realm in question","min":0,"max":"*","type":[{"code":"http://hl7.org/fhir/cda/StructureDefinition/CS"}]},{"id":"Custodian.typeId","path":"Custodian.typeId","definition":"When valued in an instance, this attribute signals the imposition of constraints defined in an HL7-specified message type. This might be a common type (also known as CMET in the messaging communication environment), or content included within a wrapper. The value of this attribute provides a unique identifier for the type in question.","min":0,"max":"1","type":[{"code":"http://hl7.org/fhir/cda/StructureDefinition/II"}]},{"id":"Custodian.templateId","path":"Custodian.templateId","definition":"When valued in an instance, this attribute signals the imposition of a set of template-defined constraints. The value of this attribute provides a unique identifier for the templates in question","min":0,"max":"*","type":[{"code":"http://hl7.org/fhir/cda/StructureDefinition/II"}]},{"id":"Custodian.assignedCustodian","path":"Custodian.assignedCustodian","min":1,"max":"1","type":[{"code":"http://hl7.org/fhir/cda/StructureDefinition/AssignedCustodian"}]}]}}