{"resourceType":"StructureDefinition","id":"Participant","text":{"status":"generated","div":"<div xmlns=\"http://www.w3.org/1999/xhtml\">\n      <p>Represents the participant who has transformed a dictated note into text.</p>\n    </div>"},"extension":[{"url":"http://hl7.org/fhir/StructureDefinition/elementdefinition-namespace","valueUri":"urn:hl7-org:v3"}],"url":"http://hl7.org/fhir/cda/StructureDefinition/Participant","version":"2.1.0","name":"CDAR2.Participant","title":"Participant (CDA Class)","status":"active","experimental":false,"date":"2019-12-16T15:43:01-08:00","publisher":"Health Level 7","description":"Represents the participant who has transformed a dictated note into text.","fhirVersion":"4.0.1","kind":"logical","abstract":false,"type":"Participant","baseDefinition":"http://hl7.org/fhir/StructureDefinition/Base","derivation":"specialization","snapshot":{"element":[{"id":"Participant","path":"Participant","min":1,"max":"1","base":{"path":"Base","min":0,"max":"*"},"isModifier":false},{"id":"Participant.nullFlavor","path":"Participant.nullFlavor","representation":["xmlAttr"],"label":"Exceptional Value Detail","definition":"If a value is an exceptional value (NULL-value), this specifies in what way and why proper information is missing.","min":0,"max":"1","base":{"path":"Participant.nullFlavor","min":0,"max":"1"},"type":[{"code":"code"}],"binding":{"strength":"required","valueSet":"http://terminology.hl7.org/ValueSet/v3-NullFlavor"}},{"id":"Participant.typeCode","path":"Participant.typeCode","representation":["xmlAttr"],"min":0,"max":"1","base":{"path":"Participant.typeCode","min":0,"max":"1"},"type":[{"code":"code"}],"binding":{"strength":"required","valueSet":"http://terminology.hl7.org/ValueSet/v3-ParticipationType"}},{"id":"Participant.contextControlCode","path":"Participant.contextControlCode","representation":["xmlAttr"],"min":0,"max":"1","base":{"path":"Participant.contextControlCode","min":0,"max":"1"},"type":[{"code":"code"}],"fixedCode":"OP","binding":{"strength":"required","valueSet":"http://terminology.hl7.org/ValueSet/v3-ContextControl"}},{"id":"Participant.realmCode","path":"Participant.realmCode","definition":"When valued in an instance, this attribute signals the imposition of realm-specific constraints. The value of this attribute identifies the realm in question","min":0,"max":"*","base":{"path":"Participant.realmCode","min":0,"max":"*"},"type":[{"code":"http://hl7.org/fhir/cda/StructureDefinition/CS"}]},{"id":"Participant.typeId","path":"Participant.typeId","definition":"When valued in an instance, this attribute signals the imposition of constraints defined in an HL7-specified message type. This might be a common type (also known as CMET in the messaging communication environment), or content included within a wrapper. The value of this attribute provides a unique identifier for the type in question.","min":0,"max":"1","base":{"path":"Participant.typeId","min":0,"max":"1"},"type":[{"code":"http://hl7.org/fhir/cda/StructureDefinition/II"}]},{"id":"Participant.templateId","path":"Participant.templateId","definition":"When valued in an instance, this attribute signals the imposition of a set of template-defined constraints. The value of this attribute provides a unique identifier for the templates in question","min":0,"max":"*","base":{"path":"Participant.templateId","min":0,"max":"*"},"type":[{"code":"http://hl7.org/fhir/cda/StructureDefinition/II"}]},{"id":"Participant.functionCode","path":"Participant.functionCode","min":0,"max":"1","base":{"path":"Participant.functionCode","min":0,"max":"1"},"type":[{"code":"http://hl7.org/fhir/cda/StructureDefinition/CE"}]},{"id":"Participant.time","path":"Participant.time","min":0,"max":"1","base":{"path":"Participant.time","min":0,"max":"1"},"type":[{"code":"http://hl7.org/fhir/cda/StructureDefinition/IVL-TS"}]},{"id":"Participant.associatedEntity","path":"Participant.associatedEntity","min":1,"max":"1","base":{"path":"Participant.associatedEntity","min":1,"max":"1"},"type":[{"code":"http://hl7.org/fhir/cda/StructureDefinition/AssociatedEntity"}]}]},"differential":{"element":[{"id":"Participant","path":"Participant","min":1,"max":"1"},{"id":"Participant.nullFlavor","path":"Participant.nullFlavor","representation":["xmlAttr"],"label":"Exceptional Value Detail","definition":"If a value is an exceptional value (NULL-value), this specifies in what way and why proper information is missing.","min":0,"max":"1","type":[{"code":"code"}],"binding":{"strength":"required","valueSet":"http://terminology.hl7.org/ValueSet/v3-NullFlavor"}},{"id":"Participant.typeCode","path":"Participant.typeCode","representation":["xmlAttr"],"min":0,"max":"1","type":[{"code":"code"}],"binding":{"strength":"required","valueSet":"http://terminology.hl7.org/ValueSet/v3-ParticipationType"}},{"id":"Participant.contextControlCode","path":"Participant.contextControlCode","representation":["xmlAttr"],"min":0,"max":"1","type":[{"code":"code"}],"fixedCode":"OP","binding":{"strength":"required","valueSet":"http://terminology.hl7.org/ValueSet/v3-ContextControl"}},{"id":"Participant.realmCode","path":"Participant.realmCode","definition":"When valued in an instance, this attribute signals the imposition of realm-specific constraints. The value of this attribute identifies the realm in question","min":0,"max":"*","type":[{"code":"http://hl7.org/fhir/cda/StructureDefinition/CS"}]},{"id":"Participant.typeId","path":"Participant.typeId","definition":"When valued in an instance, this attribute signals the imposition of constraints defined in an HL7-specified message type. This might be a common type (also known as CMET in the messaging communication environment), or content included within a wrapper. The value of this attribute provides a unique identifier for the type in question.","min":0,"max":"1","type":[{"code":"http://hl7.org/fhir/cda/StructureDefinition/II"}]},{"id":"Participant.templateId","path":"Participant.templateId","definition":"When valued in an instance, this attribute signals the imposition of a set of template-defined constraints. The value of this attribute provides a unique identifier for the templates in question","min":0,"max":"*","type":[{"code":"http://hl7.org/fhir/cda/StructureDefinition/II"}]},{"id":"Participant.functionCode","path":"Participant.functionCode","min":0,"max":"1","type":[{"code":"http://hl7.org/fhir/cda/StructureDefinition/CE"}]},{"id":"Participant.time","path":"Participant.time","min":0,"max":"1","type":[{"code":"http://hl7.org/fhir/cda/StructureDefinition/IVL-TS"}]},{"id":"Participant.associatedEntity","path":"Participant.associatedEntity","min":1,"max":"1","type":[{"code":"http://hl7.org/fhir/cda/StructureDefinition/AssociatedEntity"}]}]}}