"Path","Slice Name","Alias(s)","Label","Min","Max","Must Support?","Is Modifier?","Is Summary?","Type(s)","Short","Definition","Comments","Requirements","Default Value","Meaning When Missing","Fixed Value","Pattern","Example","Minimum Value","Maximum Value","Maximum Length","Binding Strength","Binding Description","Binding Value Set","Code","Slicing Discriminator","Slicing Description","Slicing Ordered","Slicing Rules","Base Path","Base Min","Base Max","Condition(s)","Constraint(s)"
"AD","","","",1,*,"","","","","","Mailing and home or office addresses. A sequence of address parts, such as street or post office Box, city, postal code, country, etc.","","","","","","","","","",,,,,"",,,,"Base",0,*,"",""
"AD.nullFlavor","","","Exceptional Value Detail",0,1,"","","","code {[]} {[]}
","","If a value is an exceptional value (NULL-value), this specifies in what way and why proper information is missing.","","","","","","","","","",,"required","","http://terminology.hl7.org/ValueSet/v3-NullFlavor","",,,,"ANY.nullFlavor",0,1,"",""
"AD.isNotOrdered","","","Is Not Ordered",0,1,"","","","boolean {[]} {[]}
","","A boolean value specifying whether the order of the address parts is known or not. While the address parts are always a Sequence, the order in which they are presented may or may not be known. Where this matters, the isNotOrdered property can be used to convey this information.","","","","","","","","","",,,,,"",,,,"AD.isNotOrdered",0,1,"",""
"AD.use","","","Use Code",0,*,"","","","code {[]} {[]}
","","A set of codes advising a system or user which address in a set of like addresses to select for a given purpose.","","","","","","","","","",,,,,"",,,,"AD.use",0,*,"",""
"AD.delimiter","","","",0,*,"","","","http://hl7.org/fhir/cda/StructureDefinition/ADXP {[]} {[]}
","","Delimiters are printed without framing white space. If no value component is provided, the delimiter appears as a line break.","","","","","","","","","",,,,,"",,,,"AD.delimiter",0,*,"",""
"AD.delimiter.partType","","","",0,1,"","","","code {[]} {[]}
","","Specifies the type of the address part","","","","","<valueCode xmlns=""http://hl7.org/fhir"" value=""DEL""/>","","","","",,,,,"",,,,"AD.delimiter.partType",0,1,"",""
"AD.country","","","",0,*,"","","","http://hl7.org/fhir/cda/StructureDefinition/ADXP {[]} {[]}
","","Country","","","","","","","","","",,,,,"",,,,"AD.country",0,*,"",""
"AD.country.partType","","","",0,1,"","","","code {[]} {[]}
","","Specifies the type of the address part","","","","","<valueCode xmlns=""http://hl7.org/fhir"" value=""CNT""/>","","","","",,,,,"",,,,"AD.country.partType",0,1,"",""
"AD.state","","","",0,*,"","","","http://hl7.org/fhir/cda/StructureDefinition/ADXP {[]} {[]}
","","A sub-unit of a country with limited sovereignty in a federally organized country.","","","","","","","","","",,,,,"",,,,"AD.state",0,*,"",""
"AD.state.partType","","","",0,1,"","","","code {[]} {[]}
","","Specifies the type of the address part","","","","","<valueCode xmlns=""http://hl7.org/fhir"" value=""STA""/>","","","","",,,,,"",,,,"AD.state.partType",0,1,"",""
"AD.county","","","",0,*,"","","","http://hl7.org/fhir/cda/StructureDefinition/ADXP {[]} {[]}
","","A sub-unit of a state or province. (49 of the United States of America use the term ""county;"" Louisiana uses the term ""parish"".)","","","","","","","","","",,,,,"",,,,"AD.county",0,*,"",""
"AD.county.partType","","","",0,1,"","","","code {[]} {[]}
","","Specifies the type of the address part","","","","","<valueCode xmlns=""http://hl7.org/fhir"" value=""CPA""/>","","","","",,,,,"",,,,"AD.county.partType",0,1,"",""
"AD.city","","","",0,*,"","","","http://hl7.org/fhir/cda/StructureDefinition/ADXP {[]} {[]}
","","The name of the city, town, village, or other community or delivery center","","","","","","","","","",,,,,"",,,,"AD.city",0,*,"",""
"AD.city.partType","","","",0,1,"","","","code {[]} {[]}
","","Specifies the type of the address part","","","","","<valueCode xmlns=""http://hl7.org/fhir"" value=""CTY""/>","","","","",,,,,"",,,,"AD.city.partType",0,1,"",""
"AD.postalCode","","","",0,*,"","","","http://hl7.org/fhir/cda/StructureDefinition/ADXP {[]} {[]}
","","A postal code designating a region defined by the postal service.","","","","","","","","","",,,,,"",,,,"AD.postalCode",0,*,"",""
"AD.postalCode.partType","","","",0,1,"","","","code {[]} {[]}
","","Specifies the type of the address part","","","","","<valueCode xmlns=""http://hl7.org/fhir"" value=""ZIP""/>","","","","",,,,,"",,,,"AD.postalCode.partType",0,1,"",""
"AD.streetAddressLine","","","",0,*,"","","","http://hl7.org/fhir/cda/StructureDefinition/ADXP {[]} {[]}
","","Street address line","","","","","","","","","",,,,,"",,,,"AD.streetAddressLine",0,*,"",""
"AD.streetAddressLine.partType","","","",0,1,"","","","code {[]} {[]}
","","Specifies the type of the address part","","","","","<valueCode xmlns=""http://hl7.org/fhir"" value=""SAL""/>","","","","",,,,,"",,,,"AD.streetAddressLine.partType",0,1,"",""
"AD.houseNumber","","","",0,*,"","","","http://hl7.org/fhir/cda/StructureDefinition/ADXP {[]} {[]}
","","The number of a building, house or lot alongside the street. Also known as ""primary street number"". This does not number the street but rather the building.","","","","","","","","","",,,,,"",,,,"AD.houseNumber",0,*,"",""
"AD.houseNumber.partType","","","",0,1,"","","","code {[]} {[]}
","","Specifies the type of the address part","","","","","<valueCode xmlns=""http://hl7.org/fhir"" value=""BNR""/>","","","","",,,,,"",,,,"AD.houseNumber.partType",0,1,"",""
"AD.houseNumberNumeric","","","",0,*,"","","","http://hl7.org/fhir/cda/StructureDefinition/ADXP {[]} {[]}
","","The numeric portion of a building number","","","","","","","","","",,,,,"",,,,"AD.houseNumberNumeric",0,*,"",""
"AD.houseNumberNumeric.partType","","","",0,1,"","","","code {[]} {[]}
","","Specifies the type of the address part","","","","","<valueCode xmlns=""http://hl7.org/fhir"" value=""BNN""/>","","","","",,,,,"",,,,"AD.houseNumberNumeric.partType",0,1,"",""
"AD.direction","","","",0,*,"","","","http://hl7.org/fhir/cda/StructureDefinition/ADXP {[]} {[]}
","","Direction (e.g., N, S, W, E)","","","","","","","","","",,,,,"",,,,"AD.direction",0,*,"",""
"AD.direction.partType","","","",0,1,"","","","code {[]} {[]}
","","Specifies the type of the address part","","","","","<valueCode xmlns=""http://hl7.org/fhir"" value=""DIR""/>","","","","",,,,,"",,,,"AD.direction.partType",0,1,"",""
"AD.streetName","","","",0,*,"","","","http://hl7.org/fhir/cda/StructureDefinition/ADXP {[]} {[]}
","","Name of a roadway or artery recognized by a municipality (including street type and direction)","","","","","","","","","",,,,,"",,,,"AD.streetName",0,*,"",""
"AD.streetName.partType","","","",0,1,"","","","code {[]} {[]}
","","Specifies the type of the address part","","","","","<valueCode xmlns=""http://hl7.org/fhir"" value=""STR""/>","","","","",,,,,"",,,,"AD.streetName.partType",0,1,"",""
"AD.streetNameBase","","","",0,*,"","","","http://hl7.org/fhir/cda/StructureDefinition/ADXP {[]} {[]}
","","The base name of a roadway or artery recognized by a municipality (excluding street type and direction)","","","","","","","","","",,,,,"",,,,"AD.streetNameBase",0,*,"",""
"AD.streetNameBase.partType","","","",0,1,"","","","code {[]} {[]}
","","Specifies the type of the address part","","","","","<valueCode xmlns=""http://hl7.org/fhir"" value=""STB""/>","","","","",,,,,"",,,,"AD.streetNameBase.partType",0,1,"",""
"AD.streetNameType","","","",0,*,"","","","http://hl7.org/fhir/cda/StructureDefinition/ADXP {[]} {[]}
","","The designation given to the street. (e.g. Street, Avenue, Crescent, etc.)","","","","","","","","","",,,,,"",,,,"AD.streetNameType",0,*,"",""
"AD.streetNameType.partType","","","",0,1,"","","","code {[]} {[]}
","","Specifies the type of the address part","","","","","<valueCode xmlns=""http://hl7.org/fhir"" value=""STTYP""/>","","","","",,,,,"",,,,"AD.streetNameType.partType",0,1,"",""
"AD.additionalLocator","","","",0,*,"","","","http://hl7.org/fhir/cda/StructureDefinition/ADXP {[]} {[]}
","","This can be a unit designator, such as apartment number, suite number, or floor. There may be several unit designators in an address (e.g., ""3rd floor, Appt. 342""). This can also be a designator pointing away from the location, rather than specifying a smaller location within some larger one (e.g., Dutch ""t.o."" means ""opposite to"" for house boats located across the street facing houses).","","","","","","","","","",,,,,"",,,,"AD.additionalLocator",0,*,"",""
"AD.additionalLocator.partType","","","",0,1,"","","","code {[]} {[]}
","","Specifies the type of the address part","","","","","<valueCode xmlns=""http://hl7.org/fhir"" value=""ADL""/>","","","","",,,,,"",,,,"AD.additionalLocator.partType",0,1,"",""
"AD.unitID","","","",0,*,"","","","http://hl7.org/fhir/cda/StructureDefinition/ADXP {[]} {[]}
","","The number or name of a specific unit contained within a building or complex, as assigned by that building or complex.","","","","","","","","","",,,,,"",,,,"AD.unitID",0,*,"",""
"AD.unitID.partType","","","",0,1,"","","","code {[]} {[]}
","","Specifies the type of the address part","","","","","<valueCode xmlns=""http://hl7.org/fhir"" value=""UNID""/>","","","","",,,,,"",,,,"AD.unitID.partType",0,1,"",""
"AD.unitType","","","",0,*,"","","","http://hl7.org/fhir/cda/StructureDefinition/ADXP {[]} {[]}
","","Indicates the type of specific unit contained within a building or complex. E.g. Appartment, Floor","","","","","","","","","",,,,,"",,,,"AD.unitType",0,*,"",""
"AD.unitType.partType","","","",0,1,"","","","code {[]} {[]}
","","Specifies the type of the address part","","","","","<valueCode xmlns=""http://hl7.org/fhir"" value=""UNIT""/>","","","","",,,,,"",,,,"AD.unitType.partType",0,1,"",""
"AD.careOf","","","",0,*,"","","","http://hl7.org/fhir/cda/StructureDefinition/ADXP {[]} {[]}
","","The name of the party who will take receipt at the specified address, and will take on responsibility for ensuring delivery to the target recipient","","","","","","","","","",,,,,"",,,,"AD.careOf",0,*,"",""
"AD.careOf.partType","","","",0,1,"","","","code {[]} {[]}
","","Specifies the type of the address part","","","","","<valueCode xmlns=""http://hl7.org/fhir"" value=""CAR""/>","","","","",,,,,"",,,,"AD.careOf.partType",0,1,"",""
"AD.censusTract","","","",0,*,"","","","http://hl7.org/fhir/cda/StructureDefinition/ADXP {[]} {[]}
","","A geographic sub-unit delineated for demographic purposes.","","","","","","","","","",,,,,"",,,,"AD.censusTract",0,*,"",""
"AD.censusTract.partType","","","",0,1,"","","","code {[]} {[]}
","","Specifies the type of the address part","","","","","<valueCode xmlns=""http://hl7.org/fhir"" value=""CEN""/>","","","","",,,,,"",,,,"AD.censusTract.partType",0,1,"",""
"AD.deliveryAddressLine","","","",0,*,"","","","http://hl7.org/fhir/cda/StructureDefinition/ADXP {[]} {[]}
","","A delivery address line is frequently used instead of breaking out delivery mode, delivery installation, etc. An address generally has only a delivery address line or a street address line, but not both.","","","","","","","","","",,,,,"",,,,"AD.deliveryAddressLine",0,*,"",""
"AD.deliveryAddressLine.partType","","","",0,1,"","","","code {[]} {[]}
","","Specifies the type of the address part","","","","","<valueCode xmlns=""http://hl7.org/fhir"" value=""DAL""/>","","","","",,,,,"",,,,"AD.deliveryAddressLine.partType",0,1,"",""
"AD.deliveryInstallationType","","","",0,*,"","","","http://hl7.org/fhir/cda/StructureDefinition/ADXP {[]} {[]}
","","Indicates the type of delivery installation (the facility to which the mail will be delivered prior to final shipping via the delivery mode.) Example: post office, letter carrier depot, community mail center, station, etc.","","","","","","","","","",,,,,"",,,,"AD.deliveryInstallationType",0,*,"",""
"AD.deliveryInstallationType.partType","","","",0,1,"","","","code {[]} {[]}
","","Specifies the type of the address part","","","","","<valueCode xmlns=""http://hl7.org/fhir"" value=""DINST""/>","","","","",,,,,"",,,,"AD.deliveryInstallationType.partType",0,1,"",""
"AD.deliveryInstallationArea","","","",0,*,"","","","http://hl7.org/fhir/cda/StructureDefinition/ADXP {[]} {[]}
","","The location of the delivery installation, usually a town or city, and is only required if the area is different from the municipality. Area to which mail delivery service is provided from any postal facility or service such as an individual letter carrier, rural route, or postal route.","","","","","","","","","",,,,,"",,,,"AD.deliveryInstallationArea",0,*,"",""
"AD.deliveryInstallationArea.partType","","","",0,1,"","","","code {[]} {[]}
","","Specifies the type of the address part","","","","","<valueCode xmlns=""http://hl7.org/fhir"" value=""DINSTA""/>","","","","",,,,,"",,,,"AD.deliveryInstallationArea.partType",0,1,"",""
"AD.deliveryInstallationQualifier","","","",0,*,"","","","http://hl7.org/fhir/cda/StructureDefinition/ADXP {[]} {[]}
","","A number, letter or name identifying a delivery installation. E.g., for Station A, the delivery installation qualifier would be 'A'.","","","","","","","","","",,,,,"",,,,"AD.deliveryInstallationQualifier",0,*,"",""
"AD.deliveryInstallationQualifier.partType","","","",0,1,"","","","code {[]} {[]}
","","Specifies the type of the address part","","","","","<valueCode xmlns=""http://hl7.org/fhir"" value=""DINSTQ""/>","","","","",,,,,"",,,,"AD.deliveryInstallationQualifier.partType",0,1,"",""
"AD.deliveryMode","","","",0,*,"","","","http://hl7.org/fhir/cda/StructureDefinition/ADXP {[]} {[]}
","","Indicates the type of service offered, method of delivery. For example: post office box, rural route, general delivery, etc.","","","","","","","","","",,,,,"",,,,"AD.deliveryMode",0,*,"",""
"AD.deliveryMode.partType","","","",0,1,"","","","code {[]} {[]}
","","Specifies the type of the address part","","","","","<valueCode xmlns=""http://hl7.org/fhir"" value=""DMOD""/>","","","","",,,,,"",,,,"AD.deliveryMode.partType",0,1,"",""
"AD.deliveryModeIdentifier","","","",0,*,"","","","http://hl7.org/fhir/cda/StructureDefinition/ADXP {[]} {[]}
","","Represents the routing information such as a letter carrier route number. It is the identifying number of the designator (the box number or rural route number).","","","","","","","","","",,,,,"",,,,"AD.deliveryModeIdentifier",0,*,"",""
"AD.deliveryModeIdentifier.partType","","","",0,1,"","","","code {[]} {[]}
","","Specifies the type of the address part","","","","","<valueCode xmlns=""http://hl7.org/fhir"" value=""DMODID""/>","","","","",,,,,"",,,,"AD.deliveryModeIdentifier.partType",0,1,"",""
"AD.buildingNumberSuffix","","","",0,*,"","","","http://hl7.org/fhir/cda/StructureDefinition/ADXP {[]} {[]}
","","Any alphabetic character, fraction or other text that may appear after the numeric portion of a building number","","","","","","","","","",,,,,"",,,,"AD.buildingNumberSuffix",0,*,"",""
"AD.buildingNumberSuffix.partType","","","",0,1,"","","","code {[]} {[]}
","","Specifies the type of the address part","","","","","<valueCode xmlns=""http://hl7.org/fhir"" value=""BNS""/>","","","","",,,,,"",,,,"AD.buildingNumberSuffix.partType",0,1,"",""
"AD.postBox","","","",0,*,"","","","http://hl7.org/fhir/cda/StructureDefinition/ADXP {[]} {[]}
","","A numbered box located in a post station.","","","","","","","","","",,,,,"",,,,"AD.postBox",0,*,"",""
"AD.postBox.partType","","","",0,1,"","","","code {[]} {[]}
","","Specifies the type of the address part","","","","","<valueCode xmlns=""http://hl7.org/fhir"" value=""POB""/>","","","","",,,,,"",,,,"AD.postBox.partType",0,1,"",""
"AD.precinct","","","",0,*,"","","","http://hl7.org/fhir/cda/StructureDefinition/ADXP {[]} {[]}
","","A subsection of a municipality","","","","","","","","","",,,,,"",,,,"AD.precinct",0,*,"",""
"AD.precinct.partType","","","",0,1,"","","","code {[]} {[]}
","","Specifies the type of the address part","","","","","<valueCode xmlns=""http://hl7.org/fhir"" value=""PRE""/>","","","","",,,,,"",,,,"AD.precinct.partType",0,1,"",""
"AD.other","","","",0,1,"","","","string {[]} {[]}
","","Textual representation of (part of) the address","","","","","","","","","",,,,,"",,,,"AD.other",0,1,"",""
"AD.useablePeriod[x]","","","Useable Period",0,*,"","","","http://hl7.org/fhir/cda/StructureDefinition/IVL-TS {[]} {[]}
http://hl7.org/fhir/cda/StructureDefinition/EIVL-TS {[]} {[]}http://hl7.org/fhir/cda/StructureDefinition/PIVL-TS {[]} {[]}http://hl7.org/fhir/cda/StructureDefinition/SXPR-TS {[]} {[]}","","A General Timing Specification (GTS) specifying the periods of time during which the address can be used. This is used to specify different addresses for different times of the week or year.","","","","","","","","","",,,,,"",,,,"AD.useablePeriod[x]",0,*,"",""
