"Path","Slice Name","Alias(s)","Label","Min","Max","Must Support?","Is Modifier?","Is Summary?","Type(s)","Short","Definition","Comments","Requirements","Default Value","Meaning When Missing","Fixed Value","Pattern","Example","Minimum Value","Maximum Value","Maximum Length","Binding Strength","Binding Description","Binding Value Set","Code","Slicing Discriminator","Slicing Description","Slicing Ordered","Slicing Rules","Base Path","Base Min","Base Max","Condition(s)","Constraint(s)"
"Component2","","","",1,1,"","","","","","","","","","","","","","","",,,,,"",,,,"Base",0,*,"","body-choice:Choice of the body required. {(nonXMLBody | structuredBody).count() <= 1 and (nonXMLBody | structuredBody).count() >= 1}
"
"Component2.nullFlavor","","","Exceptional Value Detail",0,1,"","","","code {[]} {[]}
","","If a value is an exceptional value (NULL-value), this specifies in what way and why proper information is missing.","","","","","","","","","",,"required","","http://terminology.hl7.org/ValueSet/v3-NullFlavor","",,,,"Component2.nullFlavor",0,1,"",""
"Component2.typeCode","","","",0,1,"","","","code {[]} {[]}
","","","","","","","<valueCode xmlns=""http://hl7.org/fhir"" value=""AUT""/>","","","","",,"required","","http://terminology.hl7.org/ValueSet/v3-ParticipationType","",,,,"Component2.typeCode",0,1,"",""
"Component2.contextConductionInd","","","",1,1,"","","","boolean {[]} {[]}
","","","","","<valueBoolean xmlns=""http://hl7.org/fhir"" value=""true""/>","","","","","","",,,,,"",,,,"Component2.contextConductionInd",1,1,"",""
"Component2.realmCode","","","",0,*,"","","","http://hl7.org/fhir/cda/StructureDefinition/CS {[]} {[]}
","","When valued in an instance, this attribute signals the imposition of realm-specific constraints. The value of this attribute identifies the realm in question","","","","","","","","","",,,,,"",,,,"Component2.realmCode",0,*,"",""
"Component2.typeId","","","",0,1,"","","","http://hl7.org/fhir/cda/StructureDefinition/II {[]} {[]}
","","When valued in an instance, this attribute signals the imposition of constraints defined in an HL7-specified message type. This might be a common type (also known as CMET in the messaging communication environment), or content included within a wrapper. The value of this attribute provides a unique identifier for the type in question.","","","","","","","","","",,,,,"",,,,"Component2.typeId",0,1,"",""
"Component2.templateId","","","",0,*,"","","","http://hl7.org/fhir/cda/StructureDefinition/II {[]} {[]}
","","When valued in an instance, this attribute signals the imposition of a set of template-defined constraints. The value of this attribute provides a unique identifier for the templates in question","","","","","","","","","",,,,,"",,,,"Component2.templateId",0,*,"",""
"Component2.nonXMLBody","","","",0,1,"","","","http://hl7.org/fhir/cda/StructureDefinition/NonXMLBody {[]} {[]}
","","","","","","","","","","","",,,,,"",,,,"Component2.nonXMLBody",0,1,"",""
"Component2.structuredBody","","","",0,1,"","","","http://hl7.org/fhir/cda/StructureDefinition/StructuredBody {[]} {[]}
","","","","","","","","","","","",,,,,"",,,,"Component2.structuredBody",0,1,"",""
