"Path","Slice Name","Alias(s)","Label","Min","Max","Must Support?","Is Modifier?","Is Summary?","Type(s)","Short","Definition","Comments","Requirements","Default Value","Meaning When Missing","Fixed Value","Pattern","Example","Minimum Value","Maximum Value","Maximum Length","Binding Strength","Binding Description","Binding Value Set","Code","Slicing Discriminator","Slicing Description","Slicing Ordered","Slicing Rules","Base Path","Base Min","Base Max","Condition(s)","Constraint(s)"
"CR","","","",1,*,"","","","","","A concept qualifier code with optionally named role. Both qualifier role and value codes must be defined by the coding system. For example, if SNOMED RT defines a concept ""leg"", a role relation ""has-laterality"", and another concept ""left"", the concept role relation allows to add the qualifier ""has-laterality: left"" to a primary code ""leg"" to construct the meaning ""left leg"".","","","","","","","","","",,,,,"",,,,"Base",0,*,"",""
"CR.nullFlavor","","","Exceptional Value Detail",0,1,"","","","code {[]} {[]}
","","If a value is an exceptional value (NULL-value), this specifies in what way and why proper information is missing.","","","","","","","","","",,"required","","http://terminology.hl7.org/ValueSet/v3-NullFlavor","",,,,"ANY.nullFlavor",0,1,"",""
"CR.inverted","","","Inversion Indicator",0,1,"","","","boolean {[]} {[]}
","","Indicates if the sense of the role name is inverted. This can be used in cases where the underlying code system defines inversion but does not provide reciprocal pairs of role names. By default, inverted is false.","","","","","","","","","",,,,,"",,,,"CR.inverted",0,1,"",""
"CR.name","","","Name",0,1,"","","","http://hl7.org/fhir/cda/StructureDefinition/CV {[]} {[]}
","","Specifies the manner in which the concept role value contributes to the meaning of a code phrase. For example, if SNOMED RT defines a concept ""leg"", a role relation ""has-laterality"", and another concept ""left"", the concept role relation allows to add the qualifier ""has-laterality: left"" to a primary code ""leg"" to construct the meaning ""left leg"". In this example ""has-laterality"" is the CR.name.","","","","","","","","","",,,,,"",,,,"CR.name",0,1,"",""
"CR.value","","","Value",0,1,"","","","http://hl7.org/fhir/cda/StructureDefinition/CD {[]} {[]}
","","The concept that modifies the primary code of a code phrase through the role relation. For example, if SNOMED RT defines a concept ""leg"", a role relation ""has-laterality"", and another concept ""left"", the concept role relation allows adding the qualifier ""has-laterality: left"" to a primary code ""leg"" to construct the meaning ""left leg"". In this example ""left"" is the CR.value.","","","","","","","","","",,,,,"",,,,"CR.value",0,1,"",""
