"Path","Slice Name","Alias(s)","Label","Min","Max","Must Support?","Is Modifier?","Is Summary?","Type(s)","Short","Definition","Comments","Requirements","Default Value","Meaning When Missing","Fixed Value","Pattern","Example","Minimum Value","Maximum Value","Maximum Length","Binding Strength","Binding Description","Binding Value Set","Code","Slicing Discriminator","Slicing Description","Slicing Ordered","Slicing Rules","Base Path","Base Min","Base Max","Condition(s)","Constraint(s)"
"ExternalObservation","","","",1,1,"","","","","","","","","","","","","","","",,,,,"",,,,"Base",0,*,"",""
"ExternalObservation.classCode","","","",1,1,"","","","code {[]} {[]}
","","","","","<valueCode xmlns=""http://hl7.org/fhir"" value=""OBS""/>","","","","","","",,"required","","http://terminology.hl7.org/ValueSet/v3-ActClassObservation","",,,,"ExternalObservation.classCode",1,1,"",""
"ExternalObservation.moodCode","","","",1,1,"","","","code {[]} {[]}
","","","","","<valueCode xmlns=""http://hl7.org/fhir"" value=""EVN""/>","","<valueCode xmlns=""http://hl7.org/fhir"" value=""EVN""/>","","","","",,"required","","http://terminology.hl7.org/ValueSet/v3-ActMood","",,,,"ExternalObservation.moodCode",1,1,"",""
"ExternalObservation.templateId","","","",0,*,"","","","http://hl7.org/fhir/cda/StructureDefinition/II {[]} {[]}
","","When valued in an instance, this attribute signals the imposition of a set of template-defined constraints. The value of this attribute provides a unique identifier for the templates in question","","","","","","","","","",,,,,"",,,,"ExternalObservation.templateId",0,*,"",""
"ExternalObservation.id","","","",0,*,"","","","http://hl7.org/fhir/cda/StructureDefinition/II {[]} {[]}
","","","","","","","","","","","",,,,,"",,,,"ExternalObservation.id",0,*,"",""
"ExternalObservation.code","","","",0,1,"","","","http://hl7.org/fhir/cda/StructureDefinition/CD {[]} {[]}
","","","","","","","","","","","",,"extensible","","http://terminology.hl7.org/ValueSet/v3-ActCode","",,,,"ExternalObservation.code",0,1,"",""
"ExternalObservation.text","","","",0,1,"","","","http://hl7.org/fhir/cda/StructureDefinition/ED {[]} {[]}
","","","","","","","","","","","",,,,,"",,,,"ExternalObservation.text",0,1,"",""
