"Path","Slice Name","Alias(s)","Label","Min","Max","Must Support?","Is Modifier?","Is Summary?","Type(s)","Short","Definition","Comments","Requirements","Default Value","Meaning When Missing","Fixed Value","Pattern","Example","Minimum Value","Maximum Value","Maximum Length","Binding Strength","Binding Description","Binding Value Set","Code","Slicing Discriminator","Slicing Description","Slicing Ordered","Slicing Rules","Base Path","Base Min","Base Max","Condition(s)","Constraint(s)"
"LabeledDrug","","","",1,1,"","","","","","","","","","","","","","","",,,,,"",,,,"Base",0,*,"",""
"LabeledDrug.classCode","","","",1,1,"","","","code {[]} {[]}
","","","","","<valueCode xmlns=""http://hl7.org/fhir"" value=""MMAT""/>","","<valueCode xmlns=""http://hl7.org/fhir"" value=""MMAT""/>","","","","",,"required","","http://terminology.hl7.org/ValueSet/v3-EntityClassManufacturedMaterial","",,,,"LabeledDrug.classCode",1,1,"",""
"LabeledDrug.determinerCode","","","",1,1,"","","","code {[]} {[]}
","","","","","<valueCode xmlns=""http://hl7.org/fhir"" value=""KIND""/>","","<valueCode xmlns=""http://hl7.org/fhir"" value=""KIND""/>","","","","",,"required","","http://terminology.hl7.org/ValueSet/v3-EntityDeterminerDetermined","",,,,"LabeledDrug.determinerCode",1,1,"",""
"LabeledDrug.templateId","","","",0,*,"","","","http://hl7.org/fhir/cda/StructureDefinition/II {[]} {[]}
","","When valued in an instance, this attribute signals the imposition of a set of template-defined constraints. The value of this attribute provides a unique identifier for the templates in question","","","","","","","","","",,,,,"",,,,"LabeledDrug.templateId",0,*,"",""
"LabeledDrug.code","","","",0,1,"","","","http://hl7.org/fhir/cda/StructureDefinition/CE {[]} {[]}
","","","","","","","","","","","",,"extensible","","http://terminology.hl7.org/ValueSet/v3-DrugEntity","",,,,"LabeledDrug.code",0,1,"",""
"LabeledDrug.name","","","",0,1,"","","","http://hl7.org/fhir/cda/StructureDefinition/EN {[]} {[]}
","","","","","","","","","","","",,,,,"",,,,"LabeledDrug.name",0,1,"",""
