"Path","Slice Name","Alias(s)","Label","Min","Max","Must Support?","Is Modifier?","Is Summary?","Type(s)","Short","Definition","Comments","Requirements","Default Value","Meaning When Missing","Fixed Value","Pattern","Example","Minimum Value","Maximum Value","Maximum Length","Binding Strength","Binding Description","Binding Value Set","Code","Slicing Discriminator","Slicing Description","Slicing Ordered","Slicing Rules","Base Path","Base Min","Base Max","Condition(s)","Constraint(s)"
"Participant","","","",1,1,"","","","","","","","","","","","","","","",,,,,"",,,,"Base",0,*,"",""
"Participant.nullFlavor","","","Exceptional Value Detail",0,1,"","","","code {[]} {[]}
","","If a value is an exceptional value (NULL-value), this specifies in what way and why proper information is missing.","","","","","","","","","",,"required","","http://terminology.hl7.org/ValueSet/v3-NullFlavor","",,,,"Participant.nullFlavor",0,1,"",""
"Participant.typeCode","","","",0,1,"","","","code {[]} {[]}
","","","","","","","","","","","",,"required","","http://terminology.hl7.org/ValueSet/v3-ParticipationType","",,,,"Participant.typeCode",0,1,"",""
"Participant.contextControlCode","","","",0,1,"","","","code {[]} {[]}
","","","","","","","<valueCode xmlns=""http://hl7.org/fhir"" value=""OP""/>","","","","",,"required","","http://terminology.hl7.org/ValueSet/v3-ContextControl","",,,,"Participant.contextControlCode",0,1,"",""
"Participant.realmCode","","","",0,*,"","","","http://hl7.org/fhir/cda/StructureDefinition/CS {[]} {[]}
","","When valued in an instance, this attribute signals the imposition of realm-specific constraints. The value of this attribute identifies the realm in question","","","","","","","","","",,,,,"",,,,"Participant.realmCode",0,*,"",""
"Participant.typeId","","","",0,1,"","","","http://hl7.org/fhir/cda/StructureDefinition/II {[]} {[]}
","","When valued in an instance, this attribute signals the imposition of constraints defined in an HL7-specified message type. This might be a common type (also known as CMET in the messaging communication environment), or content included within a wrapper. The value of this attribute provides a unique identifier for the type in question.","","","","","","","","","",,,,,"",,,,"Participant.typeId",0,1,"",""
"Participant.templateId","","","",0,*,"","","","http://hl7.org/fhir/cda/StructureDefinition/II {[]} {[]}
","","When valued in an instance, this attribute signals the imposition of a set of template-defined constraints. The value of this attribute provides a unique identifier for the templates in question","","","","","","","","","",,,,,"",,,,"Participant.templateId",0,*,"",""
"Participant.functionCode","","","",0,1,"","","","http://hl7.org/fhir/cda/StructureDefinition/CE {[]} {[]}
","","","","","","","","","","","",,,,,"",,,,"Participant.functionCode",0,1,"",""
"Participant.time","","","",0,1,"","","","http://hl7.org/fhir/cda/StructureDefinition/IVL-TS {[]} {[]}
","","","","","","","","","","","",,,,,"",,,,"Participant.time",0,1,"",""
"Participant.associatedEntity","","","",1,1,"","","","http://hl7.org/fhir/cda/StructureDefinition/AssociatedEntity {[]} {[]}
","","","","","","","","","","","",,,,,"",,,,"Participant.associatedEntity",1,1,"",""
