"Path","Slice Name","Alias(s)","Label","Min","Max","Must Support?","Is Modifier?","Is Summary?","Type(s)","Short","Definition","Comments","Requirements","Default Value","Meaning When Missing","Fixed Value","Pattern","Example","Minimum Value","Maximum Value","Maximum Length","Binding Strength","Binding Description","Binding Value Set","Code","Slicing Discriminator","Slicing Description","Slicing Ordered","Slicing Rules","Base Path","Base Min","Base Max","Condition(s)","Constraint(s)"
"PIVL-TS","","","",1,*,"","","","","","Note: because this type is defined as an extension of SXCM_T, all of the attributes and elements accepted for T are also accepted by this definition. However, they are NOT allowed by the normative description of this type. Unfortunately, we cannot write a general purpose schematron contraints to provide that extra validation, thus applications must be aware that instance (fragments) that pass validation with this might might still not be legal.","","","","","","","","","",,,,,"",,,,"Base",0,*,"",""
"PIVL-TS.nullFlavor","","","Exceptional Value Detail",0,1,"","","","code {[]} {[]}
","","If a value is an exceptional value (NULL-value), this specifies in what way and why proper information is missing.","","","","","","","","","",,"required","","http://terminology.hl7.org/ValueSet/v3-NullFlavor","",,,,"ANY.nullFlavor",0,1,"",""
"PIVL-TS.value","","","",0,1,"","","","dateTime {[]} {[]}
","","A quantity specifying a point on the axis of natural time. A point in time is most often represented as a calendar expression.","","","","","","","","","",,,,,"",,,,"TS.value",0,1,"",""
"PIVL-TS.inclusive","","","",0,1,"","","","boolean {[]} {[]}
","","Specifies whether the limit is included in the interval (interval is closed) or excluded from the interval (interval is open).","","","","","","","","","",,,,,"",,,,"TS.inclusive",0,1,"",""
"PIVL-TS.operator","","","",0,1,"","","","code {[]} {[]}
","","A code specifying whether the set component is included (union) or excluded (set-difference) from the set, or other set operations with the current set component and the set as constructed from the representation stream up to the current point.","","","","","","","","","",,,,,"",,,,"SXCM-TS.operator",0,1,"",""
"PIVL-TS.phase","","","Phase",0,1,"","","","http://hl7.org/fhir/cda/StructureDefinition/IVL-TS {[]} {[]}
","","A prototype of the repeating interval, specifying the duration of each occurrence and anchors the periodic interval sequence at a certain point in time.","","","","","","","","","",,,,,"",,,,"PIVL-TS.phase",0,1,"",""
"PIVL-TS.period","","","Period",0,1,"","","","http://hl7.org/fhir/cda/StructureDefinition/PQ {[]} {[]}
","","A time duration specifying as a reciprocal measure of the frequency at which the periodic interval repeats.","","","","","","","","","",,,,,"",,,,"PIVL-TS.period",0,1,"",""
"PIVL-TS.alignment","","","Alignment to the Calendar",0,1,"","","","code {[]} {[]}
","","Specifies if and how the repetitions are aligned to the cycles of the underlying calendar (e.g., to distinguish every 30 days from ""the 5th of every month"".) A non-aligned periodic interval recurs independently from the calendar. An aligned periodic interval is synchronized with the calendar.","","","","","","","","","",,,,,"",,,,"PIVL-TS.alignment",0,1,"",""
"PIVL-TS.institutionSpecified","","","Institution Specified Timing",0,1,"","","","boolean {[]} {[]}
","","Indicates whether the exact timing is up to the party executing the schedule (e.g., to distinguish ""every 8 hours"" from ""3 times a day"".)","","","","","","","","","",,,,,"",,,,"PIVL-TS.institutionSpecified",0,1,"",""
