"Path","Slice Name","Alias(s)","Label","Min","Max","Must Support?","Is Modifier?","Is Summary?","Type(s)","Short","Definition","Comments","Requirements","Default Value","Meaning When Missing","Fixed Value","Pattern","Example","Minimum Value","Maximum Value","Maximum Length","Binding Strength","Binding Description","Binding Value Set","Code","Slicing Discriminator","Slicing Description","Slicing Ordered","Slicing Rules","Base Path","Base Min","Base Max","Condition(s)","Constraint(s)"
"PlayingEntity","","","",1,1,"","","","","","","","","","","","","","","",,,,,"",,,,"Base",0,*,"",""
"PlayingEntity.classCode","","","",1,1,"","","","code {[]} {[]}
","","","","","<valueCode xmlns=""http://hl7.org/fhir"" value=""ENT""/>","","","","","","",,"required","","http://terminology.hl7.org/ValueSet/v3-EntityClassRoot","",,,,"PlayingEntity.classCode",1,1,"",""
"PlayingEntity.determinerCode","","","",1,1,"","","","code {[]} {[]}
","","","","","<valueCode xmlns=""http://hl7.org/fhir"" value=""INSTANCE""/>","","<valueCode xmlns=""http://hl7.org/fhir"" value=""INSTANCE""/>","","","","",,"required","","http://terminology.hl7.org/ValueSet/v3-EntityDeterminer","",,,,"PlayingEntity.determinerCode",1,1,"",""
"PlayingEntity.templateId","","","",0,*,"","","","http://hl7.org/fhir/cda/StructureDefinition/II {[]} {[]}
","","When valued in an instance, this attribute signals the imposition of a set of template-defined constraints. The value of this attribute provides a unique identifier for the templates in question","","","","","","","","","",,,,,"",,,,"PlayingEntity.templateId",0,*,"",""
"PlayingEntity.code","","","",0,1,"","","","http://hl7.org/fhir/cda/StructureDefinition/CE {[]} {[]}
","","","","","","","","","","","",,"extensible","","http://terminology.hl7.org/ValueSet/v3-EntityCode","",,,,"PlayingEntity.code",0,1,"",""
"PlayingEntity.quantity","","","",0,*,"","","","http://hl7.org/fhir/cda/StructureDefinition/PQ {[]} {[]}
","","","","","","","","","","","",,,,,"",,,,"PlayingEntity.quantity",0,*,"",""
"PlayingEntity.name","","","",0,*,"","","","http://hl7.org/fhir/cda/StructureDefinition/EN {[]} {[]}
","","","","","","","","","","","",,,,,"",,,,"PlayingEntity.name",0,*,"",""
"PlayingEntity.desc","","","",0,1,"","","","http://hl7.org/fhir/cda/StructureDefinition/ED {[]} {[]}
","","","","","","","","","","","",,,,,"",,,,"PlayingEntity.desc",0,1,"",""
