"Path","Slice Name","Alias(s)","Label","Min","Max","Must Support?","Is Modifier?","Is Summary?","Type(s)","Short","Definition","Comments","Requirements","Default Value","Meaning When Missing","Fixed Value","Pattern","Example","Minimum Value","Maximum Value","Maximum Length","Binding Strength","Binding Description","Binding Value Set","Code","Slicing Discriminator","Slicing Description","Slicing Ordered","Slicing Rules","Base Path","Base Min","Base Max","Condition(s)","Constraint(s)"
"RelatedEntity","","","",1,1,"","","","","","","","","","","","","","","",,,,,"",,,,"Base",0,*,"",""
"RelatedEntity.classCode","","","",1,1,"","","","code {[]} {[]}
","","","","","","","","","","","",,"required","","http://terminology.hl7.org/ValueSet/v3-RoleClassMutualRelationship","",,,,"RelatedEntity.classCode",1,1,"",""
"RelatedEntity.templateId","","","",0,*,"","","","http://hl7.org/fhir/cda/StructureDefinition/II {[]} {[]}
","","When valued in an instance, this attribute signals the imposition of a set of template-defined constraints. The value of this attribute provides a unique identifier for the templates in question","","","","","","","","","",,,,,"",,,,"RelatedEntity.templateId",0,*,"",""
"RelatedEntity.code","","","",0,1,"","","","http://hl7.org/fhir/cda/StructureDefinition/CE {[]} {[]}
","","","","","","","","","","","",,"extensible","","http://terminology.hl7.org/ValueSet/v3-PersonalRelationshipRoleType","",,,,"RelatedEntity.code",0,1,"",""
"RelatedEntity.addr","","","",0,*,"","","","http://hl7.org/fhir/cda/StructureDefinition/AD {[]} {[]}
","","","","","","","","","","","",,,,,"",,,,"RelatedEntity.addr",0,*,"",""
"RelatedEntity.telecom","","","",0,*,"","","","http://hl7.org/fhir/cda/StructureDefinition/TEL {[]} {[]}
","","","","","","","","","","","",,,,,"",,,,"RelatedEntity.telecom",0,*,"",""
"RelatedEntity.effectiveTime","","","",0,1,"","","","http://hl7.org/fhir/cda/StructureDefinition/IVL-TS {[]} {[]}
","","","","","","","","","","","",,,,,"",,,,"RelatedEntity.effectiveTime",0,1,"",""
"RelatedEntity.relatedPerson","","","",0,1,"","","","http://hl7.org/fhir/cda/StructureDefinition/Person {[]} {[]}
","","","","","","","","","","","",,,,,"",,,,"RelatedEntity.relatedPerson",0,1,"",""
