"Path","Slice Name","Alias(s)","Label","Min","Max","Must Support?","Is Modifier?","Is Summary?","Type(s)","Short","Definition","Comments","Requirements","Default Value","Meaning When Missing","Fixed Value","Pattern","Example","Minimum Value","Maximum Value","Maximum Length","Binding Strength","Binding Description","Binding Value Set","Code","Slicing Discriminator","Slicing Description","Slicing Ordered","Slicing Rules","Base Path","Base Min","Base Max","Condition(s)","Constraint(s)"
"ServiceEvent","","","",1,1,"","","","","","","","","","","","","","","",,,,,"",,,,"Base",0,*,"",""
"ServiceEvent.classCode","","","",1,1,"","","","code {[]} {[]}
","","","","","<valueCode xmlns=""http://hl7.org/fhir"" value=""ACT""/>","","","","","","",,"required","","http://terminology.hl7.org/ValueSet/v3-ActClass","",,,,"ServiceEvent.classCode",1,1,"",""
"ServiceEvent.moodCode","","","",1,1,"","","","code {[]} {[]}
","","","","","<valueCode xmlns=""http://hl7.org/fhir"" value=""EVN""/>","","<valueCode xmlns=""http://hl7.org/fhir"" value=""EVN""/>","","","","",,"required","","http://terminology.hl7.org/ValueSet/v3-ActMood","",,,,"ServiceEvent.moodCode",1,1,"",""
"ServiceEvent.templateId","","","",0,*,"","","","http://hl7.org/fhir/cda/StructureDefinition/II {[]} {[]}
","","When valued in an instance, this attribute signals the imposition of a set of template-defined constraints. The value of this attribute provides a unique identifier for the templates in question","","","","","","","","","",,,,,"",,,,"ServiceEvent.templateId",0,*,"",""
"ServiceEvent.id","","","",0,*,"","","","http://hl7.org/fhir/cda/StructureDefinition/II {[]} {[]}
","","","","","","","","","","","",,,,,"",,,,"ServiceEvent.id",0,*,"",""
"ServiceEvent.code","","","",0,1,"","","","http://hl7.org/fhir/cda/StructureDefinition/CE {[]} {[]}
","","Drawn from concept domain ActCode","","","","","","","","","",,,,,"",,,,"ServiceEvent.code",0,1,"",""
"ServiceEvent.effectiveTime","","","",0,1,"","","","http://hl7.org/fhir/cda/StructureDefinition/IVL-TS {[]} {[]}
","","","","","","","","","","","",,,,,"",,,,"ServiceEvent.effectiveTime",0,1,"",""
"ServiceEvent.performer","","","",0,*,"","","","Element {[]} {[]}
","","","","","","","","","","","",,,,,"",,,,"ServiceEvent.performer",0,*,"",""
"ServiceEvent.performer.typeCode","","","",1,1,"","","","code {[]} {[]}
","","","","","","","","","","","",,,,,"",,,,"ServiceEvent.performer.typeCode",1,1,"",""
"ServiceEvent.performer.functionCode","","","",0,1,"","","","http://hl7.org/fhir/cda/StructureDefinition/CE {[]} {[]}
","","","","","","","","","","","",,"extensible","","http://terminology.hl7.org/ValueSet/v3-ParticipationFunction","",,,,"ServiceEvent.performer.functionCode",0,1,"",""
"ServiceEvent.performer.time","","","",0,1,"","","","http://hl7.org/fhir/cda/StructureDefinition/IVL-TS {[]} {[]}
","","","","","","","","","","","",,,,,"",,,,"ServiceEvent.performer.time",0,1,"",""
"ServiceEvent.performer.assignedEntity","","","",1,1,"","","","http://hl7.org/fhir/cda/StructureDefinition/AssignedEntity {[]} {[]}
","","","","","","","","","","","",,,,,"",,,,"ServiceEvent.performer.assignedEntity",1,1,"",""
