"Path","Slice Name","Alias(s)","Label","Min","Max","Must Support?","Is Modifier?","Is Summary?","Type(s)","Short","Definition","Comments","Requirements","Default Value","Meaning When Missing","Fixed Value","Pattern","Example","Minimum Value","Maximum Value","Maximum Length","Binding Strength","Binding Description","Binding Value Set","Code","Slicing Discriminator","Slicing Description","Slicing Ordered","Slicing Rules","Base Path","Base Min","Base Max","Condition(s)","Constraint(s)"
"SpecimenRole","","","",1,1,"","","","","","","","","","","","","","","",,,,,"",,,,"Base",0,*,"",""
"SpecimenRole.classCode","","","",1,1,"","","","code {[]} {[]}
","","","","","<valueCode xmlns=""http://hl7.org/fhir"" value=""SPEC""/>","","<valueCode xmlns=""http://hl7.org/fhir"" value=""SPEC""/>","","","","",,"required","","http://terminology.hl7.org/ValueSet/v3-RoleClassSpecimen","",,,,"SpecimenRole.classCode",1,1,"",""
"SpecimenRole.templateId","","","",0,*,"","","","http://hl7.org/fhir/cda/StructureDefinition/II {[]} {[]}
","","When valued in an instance, this attribute signals the imposition of a set of template-defined constraints. The value of this attribute provides a unique identifier for the templates in question","","","","","","","","","",,,,,"",,,,"SpecimenRole.templateId",0,*,"",""
"SpecimenRole.id","","","",0,*,"","","","http://hl7.org/fhir/cda/StructureDefinition/II {[]} {[]}
","","","","","","","","","","","",,,,,"",,,,"SpecimenRole.id",0,*,"",""
"SpecimenRole.specimenPlayingEntity","","","",0,1,"","","","http://hl7.org/fhir/cda/StructureDefinition/PlayingEntity {[]} {[]}
","","","","","","","","","","","",,,,,"",,,,"SpecimenRole.specimenPlayingEntity",0,1,"",""
