{"resourceType":"StructureDefinition","id":"StructuredBody","text":{"status":"generated","div":"<div xmlns=\"http://www.w3.org/1999/xhtml\">\n      <p>The StructuredBody class represents a CDA document body that is comprised of one or more document sections.</p>\n      <p>The StructuredBody class is associated with one or more Section classes through a component relationship.</p>\n    </div>"},"extension":[{"url":"http://hl7.org/fhir/StructureDefinition/elementdefinition-namespace","valueUri":"urn:hl7-org:v3"}],"url":"http://hl7.org/fhir/cda/StructureDefinition/StructuredBody","version":"2.1.0","name":"CDAR2.StructuredBody","title":"StructuredBody (CDA Class)","status":"active","experimental":false,"date":"2019-12-16T15:43:01-08:00","publisher":"Health Level 7","description":"The StructuredBody class represents a CDA document body that is comprised of one or more document sections.\nThe StructuredBody class is associated with one or more Section classes through a component relationship.","fhirVersion":"4.0.1","kind":"logical","abstract":false,"type":"StructuredBody","baseDefinition":"http://hl7.org/fhir/StructureDefinition/Base","derivation":"specialization","snapshot":{"element":[{"id":"StructuredBody","path":"StructuredBody","min":1,"max":"1","base":{"path":"Base","min":0,"max":"*"},"isModifier":false},{"id":"StructuredBody.classCode","path":"StructuredBody.classCode","representation":["xmlAttr"],"min":1,"max":"1","base":{"path":"StructuredBody.classCode","min":1,"max":"1"},"type":[{"code":"code"}],"defaultValueCode":"DOCBODY","fixedCode":"DOCBODY","binding":{"strength":"required","valueSetReference":{"reference":"http://terminology.hl7.org/ValueSet/v3-ActClassOrganizer"}}},{"id":"StructuredBody.moodCode","path":"StructuredBody.moodCode","representation":["xmlAttr"],"min":1,"max":"1","base":{"path":"StructuredBody.moodCode","min":1,"max":"1"},"type":[{"code":"code"}],"defaultValueCode":"EVN","fixedCode":"EVN","binding":{"strength":"required","valueSetReference":{"reference":"http://terminology.hl7.org/ValueSet/v3-ActMood"}}},{"id":"StructuredBody.confidentialityCode","path":"StructuredBody.confidentialityCode","min":0,"max":"1","base":{"path":"StructuredBody.confidentialityCode","min":0,"max":"1"},"type":[{"code":"http://hl7.org/fhir/cda/StructureDefinition/CE"}]},{"id":"StructuredBody.languageCode","path":"StructuredBody.languageCode","min":0,"max":"1","base":{"path":"StructuredBody.languageCode","min":0,"max":"1"},"type":[{"code":"http://hl7.org/fhir/cda/StructureDefinition/CS"}],"binding":{"strength":"required","valueSetReference":{"reference":"http://terminology.hl7.org/ValueSet/v3-HumanLanguage"}}},{"id":"StructuredBody.component","path":"StructuredBody.component","min":1,"max":"*","base":{"path":"StructuredBody.component","min":1,"max":"*"},"type":[{"code":"Element"}]},{"id":"StructuredBody.component.typeCode","path":"StructuredBody.component.typeCode","representation":["xmlAttr"],"min":1,"max":"1","base":{"path":"StructuredBody.component.typeCode","min":1,"max":"1"},"type":[{"code":"code"}],"defaultValueCode":"COMP","fixedCode":"COMP"},{"id":"StructuredBody.component.contextConductionInd","path":"StructuredBody.component.contextConductionInd","representation":["xmlAttr"],"min":1,"max":"1","base":{"path":"StructuredBody.component.contextConductionInd","min":1,"max":"1"},"type":[{"code":"boolean"}],"defaultValueBoolean":true},{"id":"StructuredBody.component.section","path":"StructuredBody.component.section","min":1,"max":"1","base":{"path":"StructuredBody.component.section","min":1,"max":"1"},"type":[{"code":"http://hl7.org/fhir/cda/StructureDefinition/Section"}]}]},"differential":{"element":[{"id":"StructuredBody","path":"StructuredBody","min":1,"max":"1"},{"id":"StructuredBody.classCode","path":"StructuredBody.classCode","representation":["xmlAttr"],"min":1,"max":"1","type":[{"code":"code"}],"defaultValueCode":"DOCBODY","fixedCode":"DOCBODY","binding":{"strength":"required","valueSetReference":{"reference":"http://terminology.hl7.org/ValueSet/v3-ActClassOrganizer"}}},{"id":"StructuredBody.moodCode","path":"StructuredBody.moodCode","representation":["xmlAttr"],"min":1,"max":"1","type":[{"code":"code"}],"defaultValueCode":"EVN","fixedCode":"EVN","binding":{"strength":"required","valueSetReference":{"reference":"http://terminology.hl7.org/ValueSet/v3-ActMood"}}},{"id":"StructuredBody.confidentialityCode","path":"StructuredBody.confidentialityCode","min":0,"max":"1","type":[{"code":"http://hl7.org/fhir/cda/StructureDefinition/CE"}]},{"id":"StructuredBody.languageCode","path":"StructuredBody.languageCode","min":0,"max":"1","type":[{"code":"http://hl7.org/fhir/cda/StructureDefinition/CS"}],"binding":{"strength":"required","valueSetReference":{"reference":"http://terminology.hl7.org/ValueSet/v3-HumanLanguage"}}},{"id":"StructuredBody.component","path":"StructuredBody.component","min":1,"max":"*","type":[{"code":"Element"}]},{"id":"StructuredBody.component.typeCode","path":"StructuredBody.component.typeCode","representation":["xmlAttr"],"min":1,"max":"1","type":[{"code":"code"}],"defaultValueCode":"COMP","fixedCode":"COMP"},{"id":"StructuredBody.component.contextConductionInd","path":"StructuredBody.component.contextConductionInd","representation":["xmlAttr"],"min":1,"max":"1","type":[{"code":"boolean"}],"defaultValueBoolean":true},{"id":"StructuredBody.component.section","path":"StructuredBody.component.section","min":1,"max":"1","type":[{"code":"http://hl7.org/fhir/cda/StructureDefinition/Section"}]}]}}