{"resourceType":"StructureDefinition","id":"ExternalObservation","text":{"status":"generated","div":"<div xmlns=\"http://www.w3.org/1999/xhtml\">\n      <p>ExternalObservation is a derivative of the RIM Observation class, used for representing external coded and other observations.</p>\n    </div>"},"extension":[{"url":"http://hl7.org/fhir/StructureDefinition/elementdefinition-namespace","valueUri":"urn:hl7-org:v3"}],"url":"http://hl7.org/fhir/cda/StructureDefinition/ExternalObservation","version":"2.1.0","name":"CDAR2.ExternalObservation","title":"ExternalObservation (CDA Class)","status":"active","experimental":false,"date":"2019-12-16T15:43:01-08:00","publisher":"Health Level 7","description":"ExternalObservation is a derivative of the RIM Observation class, used for representing external coded and other observations.","fhirVersion":"4.0.1","kind":"logical","abstract":false,"type":"ExternalObservation","baseDefinition":"http://hl7.org/fhir/StructureDefinition/Base","derivation":"specialization","snapshot":{"element":[{"id":"ExternalObservation","path":"ExternalObservation","min":1,"max":"1","base":{"path":"Base","min":0,"max":"*"},"isModifier":false},{"id":"ExternalObservation.classCode","path":"ExternalObservation.classCode","representation":["xmlAttr"],"min":1,"max":"1","base":{"path":"ExternalObservation.classCode","min":1,"max":"1"},"type":[{"code":"code"}],"defaultValueCode":"OBS","binding":{"strength":"required","valueSetReference":{"reference":"http://terminology.hl7.org/ValueSet/v3-ActClassObservation"}}},{"id":"ExternalObservation.moodCode","path":"ExternalObservation.moodCode","representation":["xmlAttr"],"min":1,"max":"1","base":{"path":"ExternalObservation.moodCode","min":1,"max":"1"},"type":[{"code":"code"}],"defaultValueCode":"EVN","fixedCode":"EVN","binding":{"strength":"required","valueSetReference":{"reference":"http://terminology.hl7.org/ValueSet/v3-ActMood"}}},{"id":"ExternalObservation.templateId","path":"ExternalObservation.templateId","definition":"When valued in an instance, this attribute signals the imposition of a set of template-defined constraints. The value of this attribute provides a unique identifier for the templates in question","min":0,"max":"*","base":{"path":"ExternalObservation.templateId","min":0,"max":"*"},"type":[{"code":"http://hl7.org/fhir/cda/StructureDefinition/II"}]},{"id":"ExternalObservation.id","path":"ExternalObservation.id","min":0,"max":"*","base":{"path":"ExternalObservation.id","min":0,"max":"*"},"type":[{"code":"http://hl7.org/fhir/cda/StructureDefinition/II"}]},{"id":"ExternalObservation.code","path":"ExternalObservation.code","min":0,"max":"1","base":{"path":"ExternalObservation.code","min":0,"max":"1"},"type":[{"code":"http://hl7.org/fhir/cda/StructureDefinition/CD"}],"binding":{"strength":"extensible","valueSetReference":{"reference":"http://terminology.hl7.org/ValueSet/v3-ActCode"}}},{"id":"ExternalObservation.text","path":"ExternalObservation.text","min":0,"max":"1","base":{"path":"ExternalObservation.text","min":0,"max":"1"},"type":[{"code":"http://hl7.org/fhir/cda/StructureDefinition/ED"}]}]},"differential":{"element":[{"id":"ExternalObservation","path":"ExternalObservation","min":1,"max":"1"},{"id":"ExternalObservation.classCode","path":"ExternalObservation.classCode","representation":["xmlAttr"],"min":1,"max":"1","type":[{"code":"code"}],"defaultValueCode":"OBS","binding":{"strength":"required","valueSetReference":{"reference":"http://terminology.hl7.org/ValueSet/v3-ActClassObservation"}}},{"id":"ExternalObservation.moodCode","path":"ExternalObservation.moodCode","representation":["xmlAttr"],"min":1,"max":"1","type":[{"code":"code"}],"defaultValueCode":"EVN","fixedCode":"EVN","binding":{"strength":"required","valueSetReference":{"reference":"http://terminology.hl7.org/ValueSet/v3-ActMood"}}},{"id":"ExternalObservation.templateId","path":"ExternalObservation.templateId","definition":"When valued in an instance, this attribute signals the imposition of a set of template-defined constraints. The value of this attribute provides a unique identifier for the templates in question","min":0,"max":"*","type":[{"code":"http://hl7.org/fhir/cda/StructureDefinition/II"}]},{"id":"ExternalObservation.id","path":"ExternalObservation.id","min":0,"max":"*","type":[{"code":"http://hl7.org/fhir/cda/StructureDefinition/II"}]},{"id":"ExternalObservation.code","path":"ExternalObservation.code","min":0,"max":"1","type":[{"code":"http://hl7.org/fhir/cda/StructureDefinition/CD"}],"binding":{"strength":"extensible","valueSetReference":{"reference":"http://terminology.hl7.org/ValueSet/v3-ActCode"}}},{"id":"ExternalObservation.text","path":"ExternalObservation.text","min":0,"max":"1","type":[{"code":"http://hl7.org/fhir/cda/StructureDefinition/ED"}]}]}}