{"resourceType":"StructureDefinition","id":"DataEnterer","text":{"status":"generated","div":"<div xmlns=\"http://www.w3.org/1999/xhtml\">\n      <p>Represents the participant who has transformed a dictated note into text.</p>\n    </div>"},"extension":[{"url":"http://hl7.org/fhir/StructureDefinition/elementdefinition-namespace","valueUri":"urn:hl7-org:v3"}],"url":"http://hl7.org/fhir/cda/StructureDefinition/DataEnterer","version":"2.1.0","name":"CDAR2.DataEnterer","title":"DataEnterer (CDA Class)","status":"active","experimental":false,"date":"2019-12-16T15:43:01-08:00","publisher":"Health Level 7","description":"Represents the participant who has transformed a dictated note into text.","fhirVersion":"4.0.1","kind":"logical","abstract":false,"type":"DataEnterer","baseDefinition":"http://hl7.org/fhir/StructureDefinition/Base","derivation":"specialization","snapshot":{"element":[{"id":"DataEnterer","path":"DataEnterer","min":1,"max":"1","base":{"path":"Base","min":0,"max":"*"},"isModifier":false},{"id":"DataEnterer.nullFlavor","path":"DataEnterer.nullFlavor","representation":["xmlAttr"],"label":"Exceptional Value Detail","definition":"If a value is an exceptional value (NULL-value), this specifies in what way and why proper information is missing.","min":0,"max":"1","base":{"path":"DataEnterer.nullFlavor","min":0,"max":"1"},"type":[{"code":"code"}],"binding":{"strength":"required","valueSetReference":{"reference":"http://terminology.hl7.org/ValueSet/v3-NullFlavor"}}},{"id":"DataEnterer.typeCode","path":"DataEnterer.typeCode","representation":["xmlAttr"],"min":0,"max":"1","base":{"path":"DataEnterer.typeCode","min":0,"max":"1"},"type":[{"code":"code"}],"fixedCode":"ENT","binding":{"strength":"required","valueSetReference":{"reference":"http://terminology.hl7.org/ValueSet/v3-ParticipationType"}}},{"id":"DataEnterer.contextControlCode","path":"DataEnterer.contextControlCode","representation":["xmlAttr"],"min":0,"max":"1","base":{"path":"DataEnterer.contextControlCode","min":0,"max":"1"},"type":[{"code":"code"}],"fixedCode":"OP","binding":{"strength":"required","valueSetReference":{"reference":"http://terminology.hl7.org/ValueSet/v3-ContextControl"}}},{"id":"DataEnterer.realmCode","path":"DataEnterer.realmCode","definition":"When valued in an instance, this attribute signals the imposition of realm-specific constraints. The value of this attribute identifies the realm in question","min":0,"max":"*","base":{"path":"DataEnterer.realmCode","min":0,"max":"*"},"type":[{"code":"http://hl7.org/fhir/cda/StructureDefinition/CS"}]},{"id":"DataEnterer.typeId","path":"DataEnterer.typeId","definition":"When valued in an instance, this attribute signals the imposition of constraints defined in an HL7-specified message type. This might be a common type (also known as CMET in the messaging communication environment), or content included within a wrapper. The value of this attribute provides a unique identifier for the type in question.","min":0,"max":"1","base":{"path":"DataEnterer.typeId","min":0,"max":"1"},"type":[{"code":"http://hl7.org/fhir/cda/StructureDefinition/II"}]},{"id":"DataEnterer.templateId","path":"DataEnterer.templateId","definition":"When valued in an instance, this attribute signals the imposition of a set of template-defined constraints. The value of this attribute provides a unique identifier for the templates in question","min":0,"max":"*","base":{"path":"DataEnterer.templateId","min":0,"max":"*"},"type":[{"code":"http://hl7.org/fhir/cda/StructureDefinition/II"}]},{"id":"DataEnterer.time","path":"DataEnterer.time","min":1,"max":"1","base":{"path":"DataEnterer.time","min":1,"max":"1"},"type":[{"code":"http://hl7.org/fhir/cda/StructureDefinition/TS"}]},{"id":"DataEnterer.assignedEntity","path":"DataEnterer.assignedEntity","min":1,"max":"1","base":{"path":"DataEnterer.assignedEntity","min":1,"max":"1"},"type":[{"code":"http://hl7.org/fhir/cda/StructureDefinition/AssignedEntity"}]}]},"differential":{"element":[{"id":"DataEnterer","path":"DataEnterer","min":1,"max":"1"},{"id":"DataEnterer.nullFlavor","path":"DataEnterer.nullFlavor","representation":["xmlAttr"],"label":"Exceptional Value Detail","definition":"If a value is an exceptional value (NULL-value), this specifies in what way and why proper information is missing.","min":0,"max":"1","type":[{"code":"code"}],"binding":{"strength":"required","valueSetReference":{"reference":"http://terminology.hl7.org/ValueSet/v3-NullFlavor"}}},{"id":"DataEnterer.typeCode","path":"DataEnterer.typeCode","representation":["xmlAttr"],"min":0,"max":"1","type":[{"code":"code"}],"fixedCode":"ENT","binding":{"strength":"required","valueSetReference":{"reference":"http://terminology.hl7.org/ValueSet/v3-ParticipationType"}}},{"id":"DataEnterer.contextControlCode","path":"DataEnterer.contextControlCode","representation":["xmlAttr"],"min":0,"max":"1","type":[{"code":"code"}],"fixedCode":"OP","binding":{"strength":"required","valueSetReference":{"reference":"http://terminology.hl7.org/ValueSet/v3-ContextControl"}}},{"id":"DataEnterer.realmCode","path":"DataEnterer.realmCode","definition":"When valued in an instance, this attribute signals the imposition of realm-specific constraints. The value of this attribute identifies the realm in question","min":0,"max":"*","type":[{"code":"http://hl7.org/fhir/cda/StructureDefinition/CS"}]},{"id":"DataEnterer.typeId","path":"DataEnterer.typeId","definition":"When valued in an instance, this attribute signals the imposition of constraints defined in an HL7-specified message type. This might be a common type (also known as CMET in the messaging communication environment), or content included within a wrapper. The value of this attribute provides a unique identifier for the type in question.","min":0,"max":"1","type":[{"code":"http://hl7.org/fhir/cda/StructureDefinition/II"}]},{"id":"DataEnterer.templateId","path":"DataEnterer.templateId","definition":"When valued in an instance, this attribute signals the imposition of a set of template-defined constraints. The value of this attribute provides a unique identifier for the templates in question","min":0,"max":"*","type":[{"code":"http://hl7.org/fhir/cda/StructureDefinition/II"}]},{"id":"DataEnterer.time","path":"DataEnterer.time","min":1,"max":"1","type":[{"code":"http://hl7.org/fhir/cda/StructureDefinition/TS"}]},{"id":"DataEnterer.assignedEntity","path":"DataEnterer.assignedEntity","min":1,"max":"1","type":[{"code":"http://hl7.org/fhir/cda/StructureDefinition/AssignedEntity"}]}]}}