<?xml version="1.0" encoding="UTF-8"?><StructureDefinition xmlns="http://hl7.org/fhir"><id value="CD"/><text><status value="generated"/><div xmlns="http://www.w3.org/1999/xhtml">
      <p>A concept descriptor represents any kind of concept usually by giving a code defined in a code system. A concept descriptor can contain the original text or phrase that served as the basis of the coding and one or more translations into different coding systems. A concept descriptor can also contain qualifiers to describe, e.g., the concept of a &quot;left foot&quot; as a postcoordinated term built from the primary code &quot;FOOT&quot; and the qualifier &quot;LEFT&quot;. In exceptional cases, the concept descriptor need not contain a code but only the original text describing that concept.</p>
    </div></text><extension url="http://hl7.org/fhir/StructureDefinition/elementdefinition-namespace"><valueUri value="urn:hl7-org:v3"/></extension><url value="http://hl7.org/fhir/cda/StructureDefinition/CD"/><version value="2.1.0"/><name value="CD"/><title value="CD: ConceptDescriptor (V3 Data Type)"/><status value="active"/><experimental value="false"/><date value="2019-12-16T15:43:01-08:00"/><publisher value="Health Level 7"/><description value="A concept descriptor represents any kind of concept usually by giving a code defined in a code system. A concept descriptor can contain the original text or phrase that served as the basis of the coding and one or more translations into different coding systems. A concept descriptor can also contain qualifiers to describe, e.g., the concept of a &quot;left foot&quot; as a postcoordinated term built from the primary code &quot;FOOT&quot; and the qualifier &quot;LEFT&quot;. In cases of an exceptional value, the concept descriptor need not contain a code but only the original text describing that concept."/><fhirVersion value="4.0.1"/><kind value="logical"/><abstract value="false"/><type value="CD"/><baseDefinition value="http://hl7.org/fhir/cda/StructureDefinition/ANY"/><derivation value="specialization"/><snapshot><element id="CD"><path value="CD"/><definition value="A concept descriptor represents any kind of concept usually by giving a code defined in a code system. A concept descriptor can contain the original text or phrase that served as the basis of the coding and one or more translations into different coding systems. A concept descriptor can also contain qualifiers to describe, e.g., the concept of a &quot;left foot&quot; as a postcoordinated term built from the primary code &quot;FOOT&quot; and the qualifier &quot;LEFT&quot;. In exceptional cases, the concept descriptor need not contain a code but only the original text describing that concept."/><min value="1"/><max value="*"/><base><path value="Base"/><min value="0"/><max value="*"/></base><isModifier value="false"/></element><element id="CD.nullFlavor"><path value="CD.nullFlavor"/><representation value="xmlAttr"/><label value="Exceptional Value Detail"/><definition value="If a value is an exceptional value (NULL-value), this specifies in what way and why proper information is missing."/><min value="0"/><max value="1"/><base><path value="ANY.nullFlavor"/><min value="0"/><max value="1"/></base><type><code value="code"/></type><binding><strength value="required"/><valueSet value="http://terminology.hl7.org/ValueSet/v3-NullFlavor"/></binding></element><element id="CD.code"><path value="CD.code"/><representation value="xmlAttr"/><label value="Code"/><definition value="The plain code symbol defined by the code system. For example, &quot;784.0&quot; is the code symbol of the ICD-9 code &quot;784.0&quot; for headache."/><min value="0"/><max value="1"/><base><path value="CD.code"/><min value="0"/><max value="1"/></base><type><code value="string"/></type></element><element id="CD.codeSystem"><path value="CD.codeSystem"/><representation value="xmlAttr"/><label value="Code System"/><definition value="Specifies the code system that defines the code."/><min value="0"/><max value="1"/><base><path value="CD.codeSystem"/><min value="0"/><max value="1"/></base><type><code value="string"/></type></element><element id="CD.codeSystemName"><path value="CD.codeSystemName"/><representation value="xmlAttr"/><label value="Code System Name"/><definition value="The common name of the coding system."/><min value="0"/><max value="1"/><base><path value="CD.codeSystemName"/><min value="0"/><max value="1"/></base><type><code value="string"/></type></element><element id="CD.codeSystemVersion"><path value="CD.codeSystemVersion"/><representation value="xmlAttr"/><label value="Code System Version"/><definition value="If applicable, a version descriptor defined specifically for the given code system."/><min value="0"/><max value="1"/><base><path value="CD.codeSystemVersion"/><min value="0"/><max value="1"/></base><type><code value="string"/></type></element><element id="CD.displayName"><path value="CD.displayName"/><representation value="xmlAttr"/><label value="Display Name"/><definition value="A name or title for the code, under which the sending system shows the code value to its users."/><min value="0"/><max value="1"/><base><path value="CD.displayName"/><min value="0"/><max value="1"/></base><type><code value="string"/></type></element><element id="CD.valueSet"><extension url="http://hl7.org/fhir/StructureDefinition/elementdefinition-namespace"><valueUri value="urn:hl7-org:sdtc"/></extension><path value="CD.valueSet"/><representation value="xmlAttr"/><definition value="The valueSet extension adds an attribute for elements with a CD dataType which indicates the particular value set constraining the coded concept."/><min value="0"/><max value="1"/><base><path value="CD.valueSet"/><min value="0"/><max value="1"/></base><type><code value="string"/></type></element><element id="CD.valueSetVersion"><extension url="http://hl7.org/fhir/StructureDefinition/elementdefinition-namespace"><valueUri value="urn:hl7-org:sdtc"/></extension><path value="CD.valueSetVersion"/><representation value="xmlAttr"/><definition value="The valueSetVersion extension adds an attribute for elements with a CD dataType which indicates the version of the particular value set constraining the coded concept."/><min value="0"/><max value="1"/><base><path value="CD.valueSetVersion"/><min value="0"/><max value="1"/></base><type><code value="string"/></type></element><element id="CD.originalText"><path value="CD.originalText"/><label value="Original Text"/><definition value="The text or phrase used as the basis for the coding."/><min value="0"/><max value="1"/><base><path value="CD.originalText"/><min value="0"/><max value="1"/></base><type><code value="http://hl7.org/fhir/cda/StructureDefinition/ED"/></type></element><element id="CD.qualifier"><path value="CD.qualifier"/><label value="Qualifier"/><definition value="Specifies additional codes that increase the specificity of the the primary code."/><min value="0"/><max value="*"/><base><path value="CD.qualifier"/><min value="0"/><max value="*"/></base><type><code value="http://hl7.org/fhir/cda/StructureDefinition/CR"/></type></element><element id="CD.translation"><path value="CD.translation"/><representation value="typeAttr"/><label value="Translation"/><definition value="A set of other concept descriptors that translate this concept descriptor into other code systems."/><min value="0"/><max value="*"/><base><path value="CD.translation"/><min value="0"/><max value="*"/></base><type><code value="http://hl7.org/fhir/cda/StructureDefinition/CD"/></type></element></snapshot><differential><element id="CD"><path value="CD"/><definition value="A concept descriptor represents any kind of concept usually by giving a code defined in a code system. A concept descriptor can contain the original text or phrase that served as the basis of the coding and one or more translations into different coding systems. A concept descriptor can also contain qualifiers to describe, e.g., the concept of a &quot;left foot&quot; as a postcoordinated term built from the primary code &quot;FOOT&quot; and the qualifier &quot;LEFT&quot;. In exceptional cases, the concept descriptor need not contain a code but only the original text describing that concept."/><min value="1"/><max value="*"/></element><element id="CD.code"><path value="CD.code"/><representation value="xmlAttr"/><label value="Code"/><definition value="The plain code symbol defined by the code system. For example, &quot;784.0&quot; is the code symbol of the ICD-9 code &quot;784.0&quot; for headache."/><min value="0"/><max value="1"/><type><code value="string"/></type></element><element id="CD.codeSystem"><path value="CD.codeSystem"/><representation value="xmlAttr"/><label value="Code System"/><definition value="Specifies the code system that defines the code."/><min value="0"/><max value="1"/><type><code value="string"/></type></element><element id="CD.codeSystemName"><path value="CD.codeSystemName"/><representation value="xmlAttr"/><label value="Code System Name"/><definition value="The common name of the coding system."/><min value="0"/><max value="1"/><type><code value="string"/></type></element><element id="CD.codeSystemVersion"><path value="CD.codeSystemVersion"/><representation value="xmlAttr"/><label value="Code System Version"/><definition value="If applicable, a version descriptor defined specifically for the given code system."/><min value="0"/><max value="1"/><type><code value="string"/></type></element><element id="CD.displayName"><path value="CD.displayName"/><representation value="xmlAttr"/><label value="Display Name"/><definition value="A name or title for the code, under which the sending system shows the code value to its users."/><min value="0"/><max value="1"/><type><code value="string"/></type></element><element id="CD.valueSet"><extension url="http://hl7.org/fhir/StructureDefinition/elementdefinition-namespace"><valueUri value="urn:hl7-org:sdtc"/></extension><path value="CD.valueSet"/><representation value="xmlAttr"/><definition value="The valueSet extension adds an attribute for elements with a CD dataType which indicates the particular value set constraining the coded concept."/><min value="0"/><max value="1"/><base><path value="CD.valueSet"/><min value="0"/><max value="1"/></base><type><code value="string"/></type></element><element id="CD.valueSetVersion"><extension url="http://hl7.org/fhir/StructureDefinition/elementdefinition-namespace"><valueUri value="urn:hl7-org:sdtc"/></extension><path value="CD.valueSetVersion"/><representation value="xmlAttr"/><definition value="The valueSetVersion extension adds an attribute for elements with a CD dataType which indicates the version of the particular value set constraining the coded concept."/><min value="0"/><max value="1"/><type><code value="string"/></type></element><element id="CD.originalText"><path value="CD.originalText"/><label value="Original Text"/><definition value="The text or phrase used as the basis for the coding."/><min value="0"/><max value="1"/><type><code value="http://hl7.org/fhir/cda/StructureDefinition/ED"/></type></element><element id="CD.qualifier"><path value="CD.qualifier"/><label value="Qualifier"/><definition value="Specifies additional codes that increase the specificity of the the primary code."/><min value="0"/><max value="*"/><type><code value="http://hl7.org/fhir/cda/StructureDefinition/CR"/></type></element><element id="CD.translation"><path value="CD.translation"/><representation value="typeAttr"/><label value="Translation"/><definition value="A set of other concept descriptors that translate this concept descriptor into other code systems."/><min value="0"/><max value="*"/><type><code value="http://hl7.org/fhir/cda/StructureDefinition/CD"/></type></element></differential></StructureDefinition>