<?xml version="1.0" encoding="UTF-8"?><StructureDefinition xmlns="http://hl7.org/fhir"><id value="LabeledDrug"/><text><status value="generated"/><div xmlns="http://www.w3.org/1999/xhtml">
      <p>The LabeledDrug class, which is an Entity class playing the Role of Manufactured Product, identifies the drug that is consumed in the substance administration. The medication is identified by means of the LabeledDrug.code or the LabeledDrug.name.</p>
    </div></text><extension url="http://hl7.org/fhir/StructureDefinition/elementdefinition-namespace"><valueUri value="urn:hl7-org:v3"/></extension><url value="http://hl7.org/fhir/cda/StructureDefinition/LabeledDrug"/><version value="2.1.0"/><name value="CDAR2.LabeledDrug"/><title value="LabeledDrug (CDA Class)"/><status value="active"/><experimental value="false"/><date value="2019-12-16T15:43:01-08:00"/><publisher value="Health Level 7"/><description value="The LabeledDrug class, which is an Entity class playing the Role of Manufactured Product, identifies the drug that is consumed in the substance administration. The medication is identified by means of the LabeledDrug.code or the LabeledDrug.name."/><fhirVersion value="4.0.1"/><kind value="logical"/><abstract value="false"/><type value="LabeledDrug"/><baseDefinition value="http://hl7.org/fhir/StructureDefinition/Base"/><derivation value="specialization"/><snapshot><element id="LabeledDrug"><path value="LabeledDrug"/><min value="1"/><max value="1"/><base><path value="Base"/><min value="0"/><max value="*"/></base><isModifier value="false"/></element><element id="LabeledDrug.classCode"><path value="LabeledDrug.classCode"/><representation value="xmlAttr"/><min value="1"/><max value="1"/><base><path value="LabeledDrug.classCode"/><min value="1"/><max value="1"/></base><type><code value="code"/></type><defaultValueCode value="MMAT"/><fixedCode value="MMAT"/><binding><strength value="required"/><valueSet value="http://terminology.hl7.org/ValueSet/v3-EntityClassManufacturedMaterial"/></binding></element><element id="LabeledDrug.determinerCode"><path value="LabeledDrug.determinerCode"/><representation value="xmlAttr"/><min value="1"/><max value="1"/><base><path value="LabeledDrug.determinerCode"/><min value="1"/><max value="1"/></base><type><code value="code"/></type><defaultValueCode value="KIND"/><fixedCode value="KIND"/><binding><strength value="required"/><valueSet value="http://terminology.hl7.org/ValueSet/v3-EntityDeterminerDetermined"/></binding></element><element id="LabeledDrug.templateId"><path value="LabeledDrug.templateId"/><definition value="When valued in an instance, this attribute signals the imposition of a set of template-defined constraints. The value of this attribute provides a unique identifier for the templates in question"/><min value="0"/><max value="*"/><base><path value="LabeledDrug.templateId"/><min value="0"/><max value="*"/></base><type><code value="http://hl7.org/fhir/cda/StructureDefinition/II"/></type></element><element id="LabeledDrug.code"><path value="LabeledDrug.code"/><min value="0"/><max value="1"/><base><path value="LabeledDrug.code"/><min value="0"/><max value="1"/></base><type><code value="http://hl7.org/fhir/cda/StructureDefinition/CE"/></type><binding><strength value="extensible"/><valueSet value="http://terminology.hl7.org/ValueSet/v3-DrugEntity"/></binding></element><element id="LabeledDrug.name"><path value="LabeledDrug.name"/><min value="0"/><max value="1"/><base><path value="LabeledDrug.name"/><min value="0"/><max value="1"/></base><type><code value="http://hl7.org/fhir/cda/StructureDefinition/EN"/></type></element></snapshot><differential><element id="LabeledDrug"><path value="LabeledDrug"/><min value="1"/><max value="1"/></element><element id="LabeledDrug.classCode"><path value="LabeledDrug.classCode"/><representation value="xmlAttr"/><min value="1"/><max value="1"/><type><code value="code"/></type><defaultValueCode value="MMAT"/><fixedCode value="MMAT"/><binding><strength value="required"/><valueSet value="http://terminology.hl7.org/ValueSet/v3-EntityClassManufacturedMaterial"/></binding></element><element id="LabeledDrug.determinerCode"><path value="LabeledDrug.determinerCode"/><representation value="xmlAttr"/><min value="1"/><max value="1"/><type><code value="code"/></type><defaultValueCode value="KIND"/><fixedCode value="KIND"/><binding><strength value="required"/><valueSet value="http://terminology.hl7.org/ValueSet/v3-EntityDeterminerDetermined"/></binding></element><element id="LabeledDrug.templateId"><path value="LabeledDrug.templateId"/><definition value="When valued in an instance, this attribute signals the imposition of a set of template-defined constraints. The value of this attribute provides a unique identifier for the templates in question"/><min value="0"/><max value="*"/><type><code value="http://hl7.org/fhir/cda/StructureDefinition/II"/></type></element><element id="LabeledDrug.code"><path value="LabeledDrug.code"/><min value="0"/><max value="1"/><type><code value="http://hl7.org/fhir/cda/StructureDefinition/CE"/></type><binding><strength value="extensible"/><valueSet value="http://terminology.hl7.org/ValueSet/v3-DrugEntity"/></binding></element><element id="LabeledDrug.name"><path value="LabeledDrug.name"/><min value="0"/><max value="1"/><type><code value="http://hl7.org/fhir/cda/StructureDefinition/EN"/></type></element></differential></StructureDefinition>