"Path","Slice Name","Alias(s)","Label","Min","Max","Must Support?","Is Modifier?","Is Summary?","Type(s)","Short","Definition","Comments","Requirements","Default Value","Meaning When Missing","Fixed Value","Pattern","Example","Minimum Value","Maximum Value","Maximum Length","Binding Strength","Binding Description","Binding Value Set","Code","Slicing Discriminator","Slicing Description","Slicing Ordered","Slicing Rules","Base Path","Base Min","Base Max","Condition(s)","Constraint(s)"
"AssignedEntity","","","",1,1,"","","","","","","","","","","","","","","",,,,,"",,,,"Base",0,*,"",""
"AssignedEntity.classCode","","","",1,1,"","","","code {[]} {[]}
","","","","","<valueCode xmlns=""http://hl7.org/fhir"" value=""ASSIGNED""/>","","<valueCode xmlns=""http://hl7.org/fhir"" value=""ASSIGNED""/>","","","","",,"required","","http://terminology.hl7.org/ValueSet/v3-RoleClassAssignedEntity","",,,,"AssignedEntity.classCode",1,1,"",""
"AssignedEntity.templateId","","","",0,*,"","","","http://hl7.org/fhir/cda/StructureDefinition/II {[]} {[]}
","","When valued in an instance, this attribute signals the imposition of a set of template-defined constraints. The value of this attribute provides a unique identifier for the templates in question","","","","","","","","","",,,,,"",,,,"AssignedEntity.templateId",0,*,"",""
"AssignedEntity.id","","","",1,*,"","","","http://hl7.org/fhir/cda/StructureDefinition/II {[]} {[]}
","","","","","","","","","","","",,,,,"",,,,"AssignedEntity.id",1,*,"",""
"AssignedEntity.code","","","",0,1,"","","","http://hl7.org/fhir/cda/StructureDefinition/CE {[]} {[]}
","","","","","","","","","","","",,"extensible","","http://terminology.hl7.org/ValueSet/v3-RoleCode","",,,,"AssignedEntity.code",0,1,"",""
"AssignedEntity.addr","","","",0,*,"","","","http://hl7.org/fhir/cda/StructureDefinition/AD {[]} {[]}
","","","","","","","","","","","",,,,,"",,,,"AssignedEntity.addr",0,*,"",""
"AssignedEntity.telecom","","","",0,*,"","","","http://hl7.org/fhir/cda/StructureDefinition/TEL {[]} {[]}
","","","","","","","","","","","",,,,,"",,,,"AssignedEntity.telecom",0,*,"",""
"AssignedEntity.assignedPerson","","","",0,1,"","","","http://hl7.org/fhir/cda/StructureDefinition/Person {[]} {[]}
","","","","","","","","","","","",,,,,"",,,,"AssignedEntity.assignedPerson",0,1,"",""
"AssignedEntity.representedOrganization","","","",0,1,"","","","http://hl7.org/fhir/cda/StructureDefinition/Organization {[]} {[]}
","","","","","","","","","","","",,,,,"",,,,"AssignedEntity.representedOrganization",0,1,"",""
