"Path","Slice Name","Alias(s)","Label","Min","Max","Must Support?","Is Modifier?","Is Summary?","Type(s)","Short","Definition","Comments","Requirements","Default Value","Meaning When Missing","Fixed Value","Pattern","Example","Minimum Value","Maximum Value","Maximum Length","Binding Strength","Binding Description","Binding Value Set","Code","Slicing Discriminator","Slicing Description","Slicing Ordered","Slicing Rules","Base Path","Base Min","Base Max","Condition(s)","Constraint(s)"
"AuthoringDevice","","","",1,1,"","","","","","","","","","","","","","","",,,,,"",,,,"Base",0,*,"",""
"AuthoringDevice.classCode","","","",1,1,"","","","code {[]} {[]}
","","","","","<valueCode xmlns=""http://hl7.org/fhir"" value=""DEV""/>","","<valueCode xmlns=""http://hl7.org/fhir"" value=""DEV""/>","","","","",,"required","","http://terminology.hl7.org/ValueSet/v3-EntityClassDevice","",,,,"AuthoringDevice.classCode",1,1,"",""
"AuthoringDevice.determinerCode","","","",1,1,"","","","code {[]} {[]}
","","","","","<valueCode xmlns=""http://hl7.org/fhir"" value=""INSTANCE""/>","","<valueCode xmlns=""http://hl7.org/fhir"" value=""INSTANCE""/>","","","","",,"required","","http://terminology.hl7.org/ValueSet/v3-EntityDeterminer","",,,,"AuthoringDevice.determinerCode",1,1,"",""
"AuthoringDevice.templateId","","","",0,*,"","","","http://hl7.org/fhir/cda/StructureDefinition/II {[]} {[]}
","","When valued in an instance, this attribute signals the imposition of a set of template-defined constraints. The value of this attribute provides a unique identifier for the templates in question","","","","","","","","","",,,,,"",,,,"AuthoringDevice.templateId",0,*,"",""
"AuthoringDevice.code","","","",0,1,"","","","http://hl7.org/fhir/cda/StructureDefinition/CE {[]} {[]}
","","","","","","","","","","","",,"extensible","","http://terminology.hl7.org/ValueSet/v3-EntityCode","",,,,"AuthoringDevice.code",0,1,"",""
"AuthoringDevice.manufacturerModelName","","","",0,1,"","","","http://hl7.org/fhir/cda/StructureDefinition/SC {[]} {[]}
","","","","","","","","","","","",,"extensible","","http://terminology.hl7.org/ValueSet/v3-ManufacturerModelName","",,,,"AuthoringDevice.manufacturerModelName",0,1,"",""
"AuthoringDevice.softwareName","","","",0,1,"","","","http://hl7.org/fhir/cda/StructureDefinition/SC {[]} {[]}
","","","","","","","","","","","",,"extensible","","http://terminology.hl7.org/ValueSet/v3-SoftwareName","",,,,"AuthoringDevice.softwareName",0,1,"",""
"AuthoringDevice.asMaintainedEntity","","","",0,*,"","","","http://hl7.org/fhir/cda/StructureDefinition/MaintainedEntity {[]} {[]}
","","","","","","","","","","","",,,,,"",,,,"AuthoringDevice.asMaintainedEntity",0,*,"",""
