"Path","Slice Name","Alias(s)","Label","Min","Max","Must Support?","Is Modifier?","Is Summary?","Type(s)","Short","Definition","Comments","Requirements","Default Value","Meaning When Missing","Fixed Value","Pattern","Example","Minimum Value","Maximum Value","Maximum Length","Binding Strength","Binding Description","Binding Value Set","Code","Slicing Discriminator","Slicing Description","Slicing Ordered","Slicing Rules","Base Path","Base Min","Base Max","Condition(s)","Constraint(s)"
"Criterion","","","",1,1,"","","","","","","","","","","","","","","",,,,,"",,,,"Base",0,*,"",""
"Criterion.classCode","","","",1,1,"","","","code {[]} {[]}
","","","","","<valueCode xmlns=""http://hl7.org/fhir"" value=""OBS""/>","","","","","","",,"required","","http://terminology.hl7.org/ValueSet/v3-ActClassObservation","",,,,"Criterion.classCode",1,1,"",""
"Criterion.moodCode","","","",1,1,"","","","code {[]} {[]}
","","","","","<valueCode xmlns=""http://hl7.org/fhir"" value=""EVN.CRT""/>","","<valueCode xmlns=""http://hl7.org/fhir"" value=""EVN.CRT""/>","","","","",,"required","","http://terminology.hl7.org/ValueSet/v3-ActMoodPredicate","",,,,"Criterion.moodCode",1,1,"",""
"Criterion.templateId","","","",0,*,"","","","http://hl7.org/fhir/cda/StructureDefinition/II {[]} {[]}
","","When valued in an instance, this attribute signals the imposition of a set of template-defined constraints. The value of this attribute provides a unique identifier for the templates in question","","","","","","","","","",,,,,"",,,,"Criterion.templateId",0,*,"",""
"Criterion.code","","","",0,1,"","","","http://hl7.org/fhir/cda/StructureDefinition/CD {[]} {[]}
","","","","","","","","","","","",,"extensible","","http://terminology.hl7.org/ValueSet/v3-ActCode","",,,,"Criterion.code",0,1,"",""
"Criterion.text","","","",0,1,"","","","http://hl7.org/fhir/cda/StructureDefinition/ED {[]} {[]}
","","","","","","","","","","","",,,,,"",,,,"Criterion.text",0,1,"",""
"Criterion.value","","","",0,1,"","","","http://hl7.org/fhir/cda/StructureDefinition/BL {[]} {[]}
http://hl7.org/fhir/cda/StructureDefinition/ED {[]} {[]}http://hl7.org/fhir/cda/StructureDefinition/ST {[]} {[]}http://hl7.org/fhir/cda/StructureDefinition/CD {[]} {[]}http://hl7.org/fhir/cda/StructureDefinition/CV {[]} {[]}http://hl7.org/fhir/cda/StructureDefinition/CE {[]} {[]}http://hl7.org/fhir/cda/StructureDefinition/SC {[]} {[]}http://hl7.org/fhir/cda/StructureDefinition/II {[]} {[]}http://hl7.org/fhir/cda/StructureDefinition/TEL {[]} {[]}http://hl7.org/fhir/cda/StructureDefinition/AD {[]} {[]}http://hl7.org/fhir/cda/StructureDefinition/EN {[]} {[]}http://hl7.org/fhir/cda/StructureDefinition/INT {[]} {[]}http://hl7.org/fhir/cda/StructureDefinition/REAL {[]} {[]}http://hl7.org/fhir/cda/StructureDefinition/PQ {[]} {[]}http://hl7.org/fhir/cda/StructureDefinition/MO {[]} {[]}http://hl7.org/fhir/cda/StructureDefinition/TS {[]} {[]}http://hl7.org/fhir/cda/StructureDefinition/IVL-PQ {[]} {[]}http://hl7.org/fhir/cda/StructureDefinition/IVL-TS {[]} {[]}http://hl7.org/fhir/cda/StructureDefinition/PIVL-TS {[]} {[]}http://hl7.org/fhir/cda/StructureDefinition/EIVL-TS {[]} {[]}http://hl7.org/fhir/cda/StructureDefinition/SXPR-TS {[]} {[]}","","","","","","","","","","","",,,,,"",,,,"Criterion.value",0,1,"",""
