"Path","Slice Name","Alias(s)","Label","Min","Max","Must Support?","Is Modifier?","Is Summary?","Type(s)","Short","Definition","Comments","Requirements","Default Value","Meaning When Missing","Fixed Value","Pattern","Example","Minimum Value","Maximum Value","Maximum Length","Binding Strength","Binding Description","Binding Value Set","Code","Slicing Discriminator","Slicing Description","Slicing Ordered","Slicing Rules","Base Path","Base Min","Base Max","Condition(s)","Constraint(s)"
"EIVL-TS","","","",1,*,"","","","","","Note: because this type is defined as an extension of SXCM_T, all of the attributes and elements accepted for T are also accepted by this definition. However, they are NOT allowed by the normative description of this type. Unfortunately, we cannot write a general purpose schematron contraints to provide that extra validation, thus applications must be aware that instance (fragments) that pass validation with this might might still not be legal.","","","","","","","","","",,,,,"",,,,"Base",0,*,"",""
"EIVL-TS.nullFlavor","","","Exceptional Value Detail",0,1,"","","","code {[]} {[]}
","","If a value is an exceptional value (NULL-value), this specifies in what way and why proper information is missing.","","","","","","","","","",,"required","","http://terminology.hl7.org/ValueSet/v3-NullFlavor","",,,,"ANY.nullFlavor",0,1,"",""
"EIVL-TS.value","","","",0,1,"","","","dateTime {[]} {[]}
","","A quantity specifying a point on the axis of natural time. A point in time is most often represented as a calendar expression.","","","","","","","","","",,,,,"",,,,"TS.value",0,1,"",""
"EIVL-TS.inclusive","","","",0,1,"","","","boolean {[]} {[]}
","","Specifies whether the limit is included in the interval (interval is closed) or excluded from the interval (interval is open).","","","","","","","","","",,,,,"",,,,"TS.inclusive",0,1,"",""
"EIVL-TS.operator","","","",0,1,"","","","code {[]} {[]}
","","A code specifying whether the set component is included (union) or excluded (set-difference) from the set, or other set operations with the current set component and the set as constructed from the representation stream up to the current point.","","","","","","","","","",,,,,"",,,,"SXCM-TS.operator",0,1,"",""
"EIVL-TS.event","","","Event",0,1,"","","","http://hl7.org/fhir/cda/StructureDefinition/CE {[]} {[]}
","","A code for a common (periodical) activity of daily living based on which the event related periodic interval is specified.","","","","","","","","","",,,,,"",,,,"EIVL-TS.event",0,1,"",""
"EIVL-TS.offset","","","Offset",0,1,"","","","http://hl7.org/fhir/cda/StructureDefinition/IVL-PQ {[]} {[]}
","","An interval of elapsed time (duration, not absolute point in time) that marks the offsets for the beginning, width and end of the event-related periodic interval measured from the time each such event actually occurred.","","","","","","","","","",,,,,"",,,,"EIVL-TS.offset",0,1,"",""
