"Path","Slice Name","Alias(s)","Label","Min","Max","Must Support?","Is Modifier?","Is Summary?","Type(s)","Short","Definition","Comments","Requirements","Default Value","Meaning When Missing","Fixed Value","Pattern","Example","Minimum Value","Maximum Value","Maximum Length","Binding Strength","Binding Description","Binding Value Set","Code","Slicing Discriminator","Slicing Description","Slicing Ordered","Slicing Rules","Base Path","Base Min","Base Max","Condition(s)","Constraint(s)"
"Encounter","","","",1,1,"","","","","","","","","","","","","","","",,,,,"",,,,"Base",0,*,"",""
"Encounter.classCode","","","",1,1,"","","","code {[]} {[]}
","","","","","","","<valueCode xmlns=""http://hl7.org/fhir"" value=""ENC""/>","","","","",,"required","","http://terminology.hl7.org/ValueSet/v3-ActClass","",,,,"Encounter.classCode",1,1,"",""
"Encounter.moodCode","","","",1,1,"","","","code {[]} {[]}
","","","","","","","","","","","",,,,,"",,,,"Encounter.moodCode",1,1,"",""
"Encounter.templateId","","","",0,*,"","","","http://hl7.org/fhir/cda/StructureDefinition/II {[]} {[]}
","","When valued in an instance, this attribute signals the imposition of a set of template-defined constraints. The value of this attribute provides a unique identifier for the templates in question","","","","","","","","","",,,,,"",,,,"Encounter.templateId",0,*,"",""
"Encounter.id","","","",0,*,"","","","http://hl7.org/fhir/cda/StructureDefinition/II {[]} {[]}
","","","","","","","","","","","",,,,,"",,,,"Encounter.id",0,*,"",""
"Encounter.code","","","",0,1,"","","","http://hl7.org/fhir/cda/StructureDefinition/CD {[]} {[]}
","","","","","","","","","","","",,"extensible","","http://terminology.hl7.org/ValueSet/v3-ActEncounterCode","",,,,"Encounter.code",0,1,"",""
"Encounter.text","","","",0,1,"","","","http://hl7.org/fhir/cda/StructureDefinition/ED {[]} {[]}
","","","","","","","","","","","",,,,,"",,,,"Encounter.text",0,1,"",""
"Encounter.statusCode","","","",0,1,"","","","http://hl7.org/fhir/cda/StructureDefinition/CS {[]} {[]}
","","","","","","","","","","","",,"required","","http://terminology.hl7.org/ValueSet/v3-ActStatus","",,,,"Encounter.statusCode",0,1,"",""
"Encounter.effectiveTime","","","",0,1,"","","","http://hl7.org/fhir/cda/StructureDefinition/IVL-TS {[]} {[]}
","","","","","","","","","","","",,,,,"",,,,"Encounter.effectiveTime",0,1,"",""
"Encounter.priorityCode","","","",0,1,"","","","http://hl7.org/fhir/cda/StructureDefinition/CE {[]} {[]}
","","","","","","","","","","","",,"extensible","","http://terminology.hl7.org/ValueSet/v3-ActPriority","",,,,"Encounter.priorityCode",0,1,"",""
"Encounter.subject","","","",0,1,"","","","Element {[]} {[]}
","","","","","","","","","","","",,,,,"",,,,"Encounter.subject",0,1,"",""
"Encounter.subject.typeCode","","","",1,1,"","","","code {[]} {[]}
","","","","","<valueCode xmlns=""http://hl7.org/fhir"" value=""SBJ""/>","","<valueCode xmlns=""http://hl7.org/fhir"" value=""SBJ""/>","","","","",,"required","","http://terminology.hl7.org/ValueSet/v3-ParticipationTargetSubject","",,,,"Encounter.subject.typeCode",1,1,"",""
"Encounter.subject.contextControlCode","","","",1,1,"","","","code {[]} {[]}
","","","","","<valueCode xmlns=""http://hl7.org/fhir"" value=""OP""/>","","<valueCode xmlns=""http://hl7.org/fhir"" value=""OP""/>","","","","",,"required","","http://terminology.hl7.org/ValueSet/v3-ContextControl","",,,,"Encounter.subject.contextControlCode",1,1,"",""
"Encounter.subject.awarenessCode","","","",0,1,"","","","http://hl7.org/fhir/cda/StructureDefinition/CE {[]} {[]}
","","","","","","","","","","","",,"extensible","","http://terminology.hl7.org/ValueSet/v3-TargetAwareness","",,,,"Encounter.subject.awarenessCode",0,1,"",""
"Encounter.subject.relatedSubject","","","",1,1,"","","","http://hl7.org/fhir/cda/StructureDefinition/RelatedSubject {[]} {[]}
","","","","","","","","","","","",,,,,"",,,,"Encounter.subject.relatedSubject",1,1,"",""
"Encounter.specimen","","","",0,*,"","","","Element {[]} {[]}
","","","","","","","","","","","",,,,,"",,,,"Encounter.specimen",0,*,"",""
"Encounter.specimen.typeCode","","","",1,1,"","","","code {[]} {[]}
","","","","","<valueCode xmlns=""http://hl7.org/fhir"" value=""SPC""/>","","<valueCode xmlns=""http://hl7.org/fhir"" value=""SPC""/>","","","","",,"required","","http://terminology.hl7.org/ValueSet/v3-ParticipationTargetDirect","",,,,"Encounter.specimen.typeCode",1,1,"",""
"Encounter.specimen.specimenRole","","","",1,1,"","","","http://hl7.org/fhir/cda/StructureDefinition/SpecimenRole {[]} {[]}
","","","","","","","","","","","",,,,,"",,,,"Encounter.specimen.specimenRole",1,1,"",""
"Encounter.performer","","","",0,*,"","","","Element {[]} {[]}
","","","","","","","","","","","",,,,,"",,,,"Encounter.performer",0,*,"",""
"Encounter.performer.typeCode","","","",1,1,"","","","code {[]} {[]}
","","","","","<valueCode xmlns=""http://hl7.org/fhir"" value=""PRF""/>","","<valueCode xmlns=""http://hl7.org/fhir"" value=""PRF""/>","","","","",,"required","","http://terminology.hl7.org/ValueSet/v3-ParticipationPhysicalPerformer","",,,,"Encounter.performer.typeCode",1,1,"",""
"Encounter.performer.time","","","",0,1,"","","","http://hl7.org/fhir/cda/StructureDefinition/IVL-TS {[]} {[]}
","","","","","","","","","","","",,,,,"",,,,"Encounter.performer.time",0,1,"",""
"Encounter.performer.modeCode","","","",0,1,"","","","http://hl7.org/fhir/cda/StructureDefinition/CE {[]} {[]}
","","","","","","","","","","","",,"extensible","","http://terminology.hl7.org/ValueSet/v3-ParticipationMode","",,,,"Encounter.performer.modeCode",0,1,"",""
"Encounter.performer.assignedEntity","","","",1,1,"","","","http://hl7.org/fhir/cda/StructureDefinition/AssignedEntity {[]} {[]}
","","","","","","","","","","","",,,,,"",,,,"Encounter.performer.assignedEntity",1,1,"",""
"Encounter.author","","","",0,*,"","","","http://hl7.org/fhir/cda/StructureDefinition/Author {[]} {[]}
","","","","","","","","","","","",,,,,"",,,,"Encounter.author",0,*,"",""
"Encounter.informant","","","",0,*,"","","","Element {[]} {[]}
","","","","","","","","","","","",,,,,"",,,,"Encounter.informant",0,*,"",""
"Encounter.informant.typeCode","","","",1,1,"","","","code {[]} {[]}
","","","","","<valueCode xmlns=""http://hl7.org/fhir"" value=""INF""/>","","<valueCode xmlns=""http://hl7.org/fhir"" value=""INF""/>","","","","",,"required","","http://terminology.hl7.org/ValueSet/v3-ParticipationInformationGenerator","",,,,"Encounter.informant.typeCode",1,1,"",""
"Encounter.informant.contextControlCode","","","",1,1,"","","","code {[]} {[]}
","","","","","<valueCode xmlns=""http://hl7.org/fhir"" value=""OP""/>","","<valueCode xmlns=""http://hl7.org/fhir"" value=""OP""/>","","","","",,"required","","http://terminology.hl7.org/ValueSet/v3-ContextControl","",,,,"Encounter.informant.contextControlCode",1,1,"",""
"Encounter.informant.assignedEntity","","","",0,1,"","","","http://hl7.org/fhir/cda/StructureDefinition/AssignedEntity {[]} {[]}
","","","","","","","","","","","",,,,,"",,,,"Encounter.informant.assignedEntity",0,1,"",""
"Encounter.informant.relatedEntity","","","",0,1,"","","","http://hl7.org/fhir/cda/StructureDefinition/RelatedEntity {[]} {[]}
","","","","","","","","","","","",,,,,"",,,,"Encounter.informant.relatedEntity",0,1,"",""
"Encounter.participant","","","",0,*,"","","","Element {[]} {[]}
","","","","","","","","","","","",,,,,"",,,,"Encounter.participant",0,*,"",""
"Encounter.participant.typeCode","","","",1,1,"","","","code {[]} {[]}
","","","","","","","","","","","",,"required","","http://terminology.hl7.org/ValueSet/v3-ParticipationType","",,,,"Encounter.participant.typeCode",1,1,"",""
"Encounter.participant.contextControlCode","","","",1,1,"","","","code {[]} {[]}
","","","","","<valueCode xmlns=""http://hl7.org/fhir"" value=""OP""/>","","<valueCode xmlns=""http://hl7.org/fhir"" value=""OP""/>","","","","",,"required","","http://terminology.hl7.org/ValueSet/v3-ContextControl","",,,,"Encounter.participant.contextControlCode",1,1,"",""
"Encounter.participant.time","","","",0,1,"","","","http://hl7.org/fhir/cda/StructureDefinition/IVL-TS {[]} {[]}
","","","","","","","","","","","",,,,,"",,,,"Encounter.participant.time",0,1,"",""
"Encounter.participant.awarenessCode","","","",0,1,"","","","http://hl7.org/fhir/cda/StructureDefinition/CE {[]} {[]}
","","","","","","","","","","","",,"extensible","","http://terminology.hl7.org/ValueSet/v3-TargetAwareness","",,,,"Encounter.participant.awarenessCode",0,1,"",""
"Encounter.participant.participantRole","","","",1,1,"","","","http://hl7.org/fhir/cda/StructureDefinition/ParticipantRole {[]} {[]}
","","","","","","","","","","","",,,,,"",,,,"Encounter.participant.participantRole",1,1,"",""
"Encounter.entryRelationship","","","",0,*,"","","","Element {[]} {[]}
","","","","","","","","","","","",,,,,"",,,,"Encounter.entryRelationship",0,*,"",""
"Encounter.entryRelationship.typeCode","","","",1,1,"","","","code {[]} {[]}
","","","","","","","","","","","",,,,,"",,,,"Encounter.entryRelationship.typeCode",1,1,"",""
"Encounter.entryRelationship.inversionInd","","","",0,1,"","","","boolean {[]} {[]}
","","","","","","","","","","","",,,,,"",,,,"Encounter.entryRelationship.inversionInd",0,1,"",""
"Encounter.entryRelationship.contextConductionInd","","","",1,1,"","","","boolean {[]} {[]}
","","","","","<valueBoolean xmlns=""http://hl7.org/fhir"" value=""true""/>","","","","","","",,,,,"",,,,"Encounter.entryRelationship.contextConductionInd",1,1,"",""
"Encounter.entryRelationship.sequenceNumber","","","",0,1,"","","","http://hl7.org/fhir/cda/StructureDefinition/INT {[]} {[]}
","","","","","","","","","","","",,,,,"",,,,"Encounter.entryRelationship.sequenceNumber",0,1,"",""
"Encounter.entryRelationship.negationInd","","","",0,1,"","","","boolean {[]} {[]}
","","","","","","","","","","","",,,,,"",,,,"Encounter.entryRelationship.negationInd",0,1,"",""
"Encounter.entryRelationship.seperatableInd","","","",0,1,"","","","http://hl7.org/fhir/cda/StructureDefinition/BL {[]} {[]}
","","","","","","","","","","","",,,,,"",,,,"Encounter.entryRelationship.seperatableInd",0,1,"",""
"Encounter.entryRelationship.observation","","","",0,1,"","","","http://hl7.org/fhir/cda/StructureDefinition/Observation {[]} {[]}
","","","","","","","","","","","",,,,,"",,,,"Encounter.entryRelationship.observation",0,1,"",""
"Encounter.entryRelationship.regionOfInterest","","","",0,1,"","","","http://hl7.org/fhir/cda/StructureDefinition/RegionOfInterest {[]} {[]}
","","","","","","","","","","","",,,,,"",,,,"Encounter.entryRelationship.regionOfInterest",0,1,"",""
"Encounter.entryRelationship.observationMedia","","","",0,1,"","","","http://hl7.org/fhir/cda/StructureDefinition/ObservationMedia {[]} {[]}
","","","","","","","","","","","",,,,,"",,,,"Encounter.entryRelationship.observationMedia",0,1,"",""
"Encounter.entryRelationship.substanceAdministration","","","",0,1,"","","","http://hl7.org/fhir/cda/StructureDefinition/SubstanceAdministration {[]} {[]}
","","","","","","","","","","","",,,,,"",,,,"Encounter.entryRelationship.substanceAdministration",0,1,"",""
"Encounter.entryRelationship.supply","","","",0,1,"","","","http://hl7.org/fhir/cda/StructureDefinition/Supply {[]} {[]}
","","","","","","","","","","","",,,,,"",,,,"Encounter.entryRelationship.supply",0,1,"",""
"Encounter.entryRelationship.procedure","","","",0,1,"","","","http://hl7.org/fhir/cda/StructureDefinition/Procedure {[]} {[]}
","","","","","","","","","","","",,,,,"",,,,"Encounter.entryRelationship.procedure",0,1,"",""
"Encounter.entryRelationship.encounter","","","",0,1,"","","","http://hl7.org/fhir/cda/StructureDefinition/Encounter {[]} {[]}
","","","","","","","","","","","",,,,,"",,,,"Encounter.entryRelationship.encounter",0,1,"",""
"Encounter.entryRelationship.organizer","","","",0,1,"","","","http://hl7.org/fhir/cda/StructureDefinition/Organizer {[]} {[]}
","","","","","","","","","","","",,,,,"",,,,"Encounter.entryRelationship.organizer",0,1,"",""
"Encounter.entryRelationship.act","","","",0,1,"","","","http://hl7.org/fhir/cda/StructureDefinition/Act {[]} {[]}
","","","","","","","","","","","",,,,,"",,,,"Encounter.entryRelationship.act",0,1,"",""
"Encounter.reference","","","",0,*,"","","","Element {[]} {[]}
","","","","","","","","","","","",,,,,"",,,,"Encounter.reference",0,*,"",""
"Encounter.reference.typeCode","","","",1,1,"","","","code {[]} {[]}
","","","","","","","","","","","",,,,,"",,,,"Encounter.reference.typeCode",1,1,"",""
"Encounter.reference.seperatableInd","","","",0,1,"","","","http://hl7.org/fhir/cda/StructureDefinition/BL {[]} {[]}
","","","","","","","","","","","",,,,,"",,,,"Encounter.reference.seperatableInd",0,1,"",""
"Encounter.reference.externalAct","","","",0,1,"","","","http://hl7.org/fhir/cda/StructureDefinition/ExternalAct {[]} {[]}
","","","","","","","","","","","",,,,,"",,,,"Encounter.reference.externalAct",0,1,"",""
"Encounter.reference.externalObservation","","","",0,1,"","","","http://hl7.org/fhir/cda/StructureDefinition/ExternalObservation {[]} {[]}
","","","","","","","","","","","",,,,,"",,,,"Encounter.reference.externalObservation",0,1,"",""
"Encounter.reference.externalProcedure","","","",0,1,"","","","http://hl7.org/fhir/cda/StructureDefinition/ExternalProcedure {[]} {[]}
","","","","","","","","","","","",,,,,"",,,,"Encounter.reference.externalProcedure",0,1,"",""
"Encounter.reference.externalDocument","","","",0,1,"","","","http://hl7.org/fhir/cda/StructureDefinition/ExternalDocument {[]} {[]}
","","","","","","","","","","","",,,,,"",,,,"Encounter.reference.externalDocument",0,1,"",""
"Encounter.precondition","","","",0,*,"","","","Element {[]} {[]}
","","","","","","","","","","","",,,,,"",,,,"Encounter.precondition",0,*,"",""
"Encounter.precondition.typeCode","","","",1,1,"","","","code {[]} {[]}
","","","","","<valueCode xmlns=""http://hl7.org/fhir"" value=""PRCN""/>","","<valueCode xmlns=""http://hl7.org/fhir"" value=""PRCN""/>","","","","",,"required","","http://terminology.hl7.org/ValueSet/v3-ActRelationshipConditional","",,,,"Encounter.precondition.typeCode",1,1,"",""
"Encounter.precondition.criterion","","","",1,1,"","","","http://hl7.org/fhir/cda/StructureDefinition/Criterion {[]} {[]}
","","","","","","","","","","","",,,,,"",,,,"Encounter.precondition.criterion",1,1,"",""
