"Path","Slice Name","Alias(s)","Label","Min","Max","Must Support?","Is Modifier?","Is Summary?","Type(s)","Short","Definition","Comments","Requirements","Default Value","Meaning When Missing","Fixed Value","Pattern","Example","Minimum Value","Maximum Value","Maximum Length","Binding Strength","Binding Description","Binding Value Set","Code","Slicing Discriminator","Slicing Description","Slicing Ordered","Slicing Rules","Base Path","Base Min","Base Max","Condition(s)","Constraint(s)"
"IVL-PQ","","","",1,*,"","","","","","Defines the basic properties of every data value. This is an abstract type, meaning that no value can be just a data value without belonging to any concrete type. Every concrete type is a specialization of this general abstract DataValue type.","","","","","","","","","",,,,,"",,,,"Base",0,*,"",""
"IVL-PQ.nullFlavor","","","Exceptional Value Detail",0,1,"","","","code {[]} {[]}
","","If a value is an exceptional value (NULL-value), this specifies in what way and why proper information is missing.","","","","","","","","","",,"required","","http://terminology.hl7.org/ValueSet/v3-NullFlavor","",,,,"ANY.nullFlavor",0,1,"",""
"IVL-PQ.unit","","","Unit of Measure",0,1,"","","","code {[]} {[]}
","","The unit of measure specified in the Unified Code for Units of Measure (UCUM) [].","","","","","","","","","",,,,,"",,,,"IVL-PQ.unit",0,1,"",""
"IVL-PQ.value","","","Maginitude Value",0,1,"","","","decimal {[]} {[]}
","","The magnitude of the quantity measured in terms of the unit.","","","","","","","","","",,,,,"",,,,"PQ.value",0,1,"",""
"IVL-PQ.low","","","Low Boundary",0,1,"","","","http://hl7.org/fhir/cda/StructureDefinition/PQ {[]} {[]}
","","This is the low limit of the interval.","","","","","","","","","",,,,,"",,,,"IVL-PQ.low",0,1,"",""
"IVL-PQ.high","","","High Boundary",0,1,"","","","http://hl7.org/fhir/cda/StructureDefinition/PQ {[]} {[]}
","","This is the high limit of the interval.","","","","","","","","","",,,,,"",,,,"IVL-PQ.high",0,1,"",""
"IVL-PQ.width","","","Width",0,1,"","","","http://hl7.org/fhir/cda/StructureDefinition/PQ {[]} {[]}
","","The difference between high and low boundary. The purpose of distinguishing a width property is to handle all cases of incomplete information symmetrically. In any interval representation only two of the three properties high, low, and width need to be stated and the third can be derived.","","","","","","","","","",,,,,"",,,,"IVL-PQ.width",0,1,"",""
"IVL-PQ.center","","","Central Value",0,1,"","","","http://hl7.org/fhir/cda/StructureDefinition/PQ {[]} {[]}
","","The arithmetic mean of the interval (low plus high divided by 2). The purpose of distinguishing the center as a semantic property is for conversions of intervals from and to point values.","","","","","","","","","",,,,,"",,,,"IVL-PQ.center",0,1,"",""
