"Path","Slice Name","Alias(s)","Label","Min","Max","Must Support?","Is Modifier?","Is Summary?","Type(s)","Short","Definition","Comments","Requirements","Default Value","Meaning When Missing","Fixed Value","Pattern","Example","Minimum Value","Maximum Value","Maximum Length","Binding Strength","Binding Description","Binding Value Set","Code","Slicing Discriminator","Slicing Description","Slicing Ordered","Slicing Rules","Base Path","Base Min","Base Max","Condition(s)","Constraint(s)"
"ManufacturedProduct","","","",1,1,"","","","","","","","","","","","","","","",,,,,"",,,,"Base",0,*,"",""
"ManufacturedProduct.classCode","","","",1,1,"","","","code {[]} {[]}
","","","","","<valueCode xmlns=""http://hl7.org/fhir"" value=""MANU""/>","","<valueCode xmlns=""http://hl7.org/fhir"" value=""MANU""/>","","","","",,"required","","http://terminology.hl7.org/ValueSet/v3-RoleClassManufacturedProduct","",,,,"ManufacturedProduct.classCode",1,1,"",""
"ManufacturedProduct.templateId","","","",0,*,"","","","http://hl7.org/fhir/cda/StructureDefinition/II {[]} {[]}
","","When valued in an instance, this attribute signals the imposition of a set of template-defined constraints. The value of this attribute provides a unique identifier for the templates in question","","","","","","","","","",,,,,"",,,,"ManufacturedProduct.templateId",0,*,"",""
"ManufacturedProduct.id","","","",0,*,"","","","http://hl7.org/fhir/cda/StructureDefinition/II {[]} {[]}
","","","","","","","","","","","",,,,,"",,,,"ManufacturedProduct.id",0,*,"",""
"ManufacturedProduct.manufacturedLabeledDrug","","","",0,1,"","","","http://hl7.org/fhir/cda/StructureDefinition/LabeledDrug {[]} {[]}
","","","","","","","","","","","",,,,,"",,,,"ManufacturedProduct.manufacturedLabeledDrug",0,1,"",""
"ManufacturedProduct.manufacturedMaterial","","","",0,1,"","","","http://hl7.org/fhir/cda/StructureDefinition/Material {[]} {[]}
","","","","","","","","","","","",,,,,"",,,,"ManufacturedProduct.manufacturedMaterial",0,1,"",""
"ManufacturedProduct.manufacturerOrganization","","","",0,1,"","","","http://hl7.org/fhir/cda/StructureDefinition/Organization {[]} {[]}
","","","","","","","","","","","",,,,,"",,,,"ManufacturedProduct.manufacturerOrganization",0,1,"",""
