"Path","Slice Name","Alias(s)","Label","Min","Max","Must Support?","Is Modifier?","Is Summary?","Type(s)","Short","Definition","Comments","Requirements","Default Value","Meaning When Missing","Fixed Value","Pattern","Example","Minimum Value","Maximum Value","Maximum Length","Binding Strength","Binding Description","Binding Value Set","Code","Slicing Discriminator","Slicing Description","Slicing Ordered","Slicing Rules","Base Path","Base Min","Base Max","Condition(s)","Constraint(s)"
"Material","","","",1,1,"","","","","","","","","","","","","","","",,,,,"",,,,"Base",0,*,"",""
"Material.classCode","","","",1,1,"","","","code {[]} {[]}
","","","","","<valueCode xmlns=""http://hl7.org/fhir"" value=""MMAT""/>","","<valueCode xmlns=""http://hl7.org/fhir"" value=""MMAT""/>","","","","",,"required","","http://terminology.hl7.org/ValueSet/v3-EntityClassManufacturedMaterial","",,,,"Material.classCode",1,1,"",""
"Material.determinerCode","","","",1,1,"","","","code {[]} {[]}
","","","","","<valueCode xmlns=""http://hl7.org/fhir"" value=""KIND""/>","","<valueCode xmlns=""http://hl7.org/fhir"" value=""KIND""/>","","","","",,"required","","http://terminology.hl7.org/ValueSet/v3-EntityDeterminerDetermined","",,,,"Material.determinerCode",1,1,"",""
"Material.nullFlavor","","","Exceptional Value Detail",0,1,"","","","code {[]} {[]}
","","If a value is an exceptional value (NULL-value), this specifies in what way and why proper information is missing.","","","","","","","","","",,"required","","http://terminology.hl7.org/ValueSet/v3-NullFlavor","",,,,"Material.nullFlavor",0,1,"",""
"Material.templateId","","","",0,*,"","","","http://hl7.org/fhir/cda/StructureDefinition/II {[]} {[]}
","","When valued in an instance, this attribute signals the imposition of a set of template-defined constraints. The value of this attribute provides a unique identifier for the templates in question","","","","","","","","","",,,,,"",,,,"Material.templateId",0,*,"",""
"Material.code","","","",0,1,"","","","http://hl7.org/fhir/cda/StructureDefinition/CE {[]} {[]}
","","","","","","","","","","","",,"extensible","","http://terminology.hl7.org/ValueSet/v3-MaterialEntityClassType","",,,,"Material.code",0,1,"",""
"Material.name","","","",0,1,"","","","http://hl7.org/fhir/cda/StructureDefinition/EN {[]} {[]}
","","","","","","","","","","","",,,,,"",,,,"Material.name",0,1,"",""
"Material.lotNumberText","","","",0,1,"","","","http://hl7.org/fhir/cda/StructureDefinition/ST {[]} {[]}
","","","","","","","","","","","",,,,,"",,,,"Material.lotNumberText",0,1,"",""
