"Path","Slice Name","Alias(s)","Label","Min","Max","Must Support?","Is Modifier?","Is Summary?","Type(s)","Short","Definition","Comments","Requirements","Default Value","Meaning When Missing","Fixed Value","Pattern","Example","Minimum Value","Maximum Value","Maximum Length","Binding Strength","Binding Description","Binding Value Set","Code","Slicing Discriminator","Slicing Description","Slicing Ordered","Slicing Rules","Base Path","Base Min","Base Max","Condition(s)","Constraint(s)"
"PatientRole","","","",1,1,"","","","","","","","","","","","","","","",,,,,"",,,,"Base",0,*,"",""
"PatientRole.classCode","","","",1,1,"","","","code {[]} {[]}
","","","","","<valueCode xmlns=""http://hl7.org/fhir"" value=""PAT""/>","","<valueCode xmlns=""http://hl7.org/fhir"" value=""PAT""/>","","","","",,"required","","http://terminology.hl7.org/ValueSet/v3-RoleClassRelationshipFormal","",,,,"PatientRole.classCode",1,1,"",""
"PatientRole.templateId","","","",0,*,"","","","http://hl7.org/fhir/cda/StructureDefinition/II {[]} {[]}
","","When valued in an instance, this attribute signals the imposition of a set of template-defined constraints. The value of this attribute provides a unique identifier for the templates in question","","","","","","","","","",,,,,"",,,,"PatientRole.templateId",0,*,"",""
"PatientRole.id","","","",1,*,"","","","http://hl7.org/fhir/cda/StructureDefinition/II {[]} {[]}
","","","","","","","","","","","",,,,,"",,,,"PatientRole.id",1,*,"",""
"PatientRole.addr","","","",0,*,"","","","http://hl7.org/fhir/cda/StructureDefinition/AD {[]} {[]}
","","","","","","","","","","","",,,,,"",,,,"PatientRole.addr",0,*,"",""
"PatientRole.telecom","","","",0,*,"","","","http://hl7.org/fhir/cda/StructureDefinition/TEL {[]} {[]}
","","","","","","","","","","","",,,,,"",,,,"PatientRole.telecom",0,*,"",""
"PatientRole.patient","","","",0,1,"","","","http://hl7.org/fhir/cda/StructureDefinition/Patient {[]} {[]}
","","","","","","","","","","","",,,,,"",,,,"PatientRole.patient",0,1,"",""
"PatientRole.providerOrganization","","","",0,1,"","","","http://hl7.org/fhir/cda/StructureDefinition/Organization {[]} {[]}
","","","","","","","","","","","",,,,,"",,,,"PatientRole.providerOrganization",0,1,"",""
