"Path","Slice Name","Alias(s)","Label","Min","Max","Must Support?","Is Modifier?","Is Summary?","Type(s)","Short","Definition","Comments","Requirements","Default Value","Meaning When Missing","Fixed Value","Pattern","Example","Minimum Value","Maximum Value","Maximum Length","Binding Strength","Binding Description","Binding Value Set","Code","Slicing Discriminator","Slicing Description","Slicing Ordered","Slicing Rules","Base Path","Base Min","Base Max","Condition(s)","Constraint(s)"
"RecordTarget","","","",1,1,"","","","","","","","","","","","","","","",,,,,"",,,,"Base",0,*,"",""
"RecordTarget.nullFlavor","","","Exceptional Value Detail",0,1,"","","","code {[]} {[]}
","","If a value is an exceptional value (NULL-value), this specifies in what way and why proper information is missing.","","","","","","","","","",,"required","","http://terminology.hl7.org/ValueSet/v3-NullFlavor","",,,,"RecordTarget.nullFlavor",0,1,"",""
"RecordTarget.typeCode","","","",0,1,"","","","code {[]} {[]}
","","","","","","","<valueCode xmlns=""http://hl7.org/fhir"" value=""RCT""/>","","","","",,"required","","http://terminology.hl7.org/ValueSet/v3-ParticipationType","",,,,"RecordTarget.typeCode",0,1,"",""
"RecordTarget.contextControlCode","","","",0,1,"","","","code {[]} {[]}
","","","","","","","<valueCode xmlns=""http://hl7.org/fhir"" value=""OP""/>","","","","",,"required","","http://terminology.hl7.org/ValueSet/v3-ContextControl","",,,,"RecordTarget.contextControlCode",0,1,"",""
"RecordTarget.realmCode","","","",0,*,"","","","http://hl7.org/fhir/cda/StructureDefinition/CS {[]} {[]}
","","When valued in an instance, this attribute signals the imposition of realm-specific constraints. The value of this attribute identifies the realm in question","","","","","","","","","",,,,,"",,,,"RecordTarget.realmCode",0,*,"",""
"RecordTarget.typeId","","","",0,1,"","","","http://hl7.org/fhir/cda/StructureDefinition/II {[]} {[]}
","","When valued in an instance, this attribute signals the imposition of constraints defined in an HL7-specified message type. This might be a common type (also known as CMET in the messaging communication environment), or content included within a wrapper. The value of this attribute provides a unique identifier for the type in question.","","","","","","","","","",,,,,"",,,,"RecordTarget.typeId",0,1,"",""
"RecordTarget.templateId","","","",0,*,"","","","http://hl7.org/fhir/cda/StructureDefinition/II {[]} {[]}
","","When valued in an instance, this attribute signals the imposition of a set of template-defined constraints. The value of this attribute provides a unique identifier for the templates in question","","","","","","","","","",,,,,"",,,,"RecordTarget.templateId",0,*,"",""
"RecordTarget.patientRole","","","",1,1,"","","","http://hl7.org/fhir/cda/StructureDefinition/PatientRole {[]} {[]}
","","","","","","","","","","","",,,,,"",,,,"RecordTarget.patientRole",1,1,"",""
