{
  "resourceType": "StructureDefinition",
  "id": "CustodianOrganization",
  "text": {
    "status": "generated",
    "div": "<div xmlns=\"http://www.w3.org/1999/xhtml\">\n      <p>The steward organization (CustodianOrganization class) is an entity scoping the role of AssignedCustodian, and has a required CustodianOrganization.id.</p>\n    </div>"
  },
  "extension": [
    {
      "url": "http://hl7.org/fhir/StructureDefinition/elementdefinition-namespace",
      "valueUri": "urn:hl7-org:v3"
    }
  ],
  "url": "http://hl7.org/fhir/cda/StructureDefinition/CustodianOrganization",
  "version": "2.1.0",
  "name": "CDAR2.CustodianOrganization",
  "title": "CustodianOrganization (CDA Class)",
  "status": "active",
  "experimental": false,
  "date": "2019-12-16T15:43:01-08:00",
  "publisher": "Health Level 7",
  "description": "The steward organization (CustodianOrganization class) is an entity scoping the role of AssignedCustodian, and has a required CustodianOrganization.id.",
  "fhirVersion": "4.0.1",
  "kind": "logical",
  "abstract": false,
  "type": "CustodianOrganization",
  "baseDefinition": "http://hl7.org/fhir/StructureDefinition/Base",
  "derivation": "specialization",
  "snapshot": {
    "element": [
      {
        "id": "CustodianOrganization",
        "path": "CustodianOrganization",
        "min": 1,
        "max": "1",
        "base": {
          "path": "Base",
          "min": 0,
          "max": "*"
        },
        "isModifier": false
      },
      {
        "id": "CustodianOrganization.classCode",
        "path": "CustodianOrganization.classCode",
        "representation": [
          "xmlAttr"
        ],
        "min": 1,
        "max": "1",
        "base": {
          "path": "CustodianOrganization.classCode",
          "min": 1,
          "max": "1"
        },
        "type": [
          {
            "code": "code"
          }
        ],
        "defaultValueCode": "ORG",
        "fixedCode": "ORG",
        "binding": {
          "strength": "required",
          "valueSet": "http://terminology.hl7.org/ValueSet/v3-EntityClassOrganization"
        }
      },
      {
        "id": "CustodianOrganization.determinerCode",
        "path": "CustodianOrganization.determinerCode",
        "representation": [
          "xmlAttr"
        ],
        "min": 1,
        "max": "1",
        "base": {
          "path": "CustodianOrganization.determinerCode",
          "min": 1,
          "max": "1"
        },
        "type": [
          {
            "code": "code"
          }
        ],
        "defaultValueCode": "INSTANCE",
        "fixedCode": "INSTANCE",
        "binding": {
          "strength": "required",
          "valueSet": "http://terminology.hl7.org/ValueSet/v3-EntityDeterminer"
        }
      },
      {
        "id": "CustodianOrganization.templateId",
        "path": "CustodianOrganization.templateId",
        "definition": "When valued in an instance, this attribute signals the imposition of a set of template-defined constraints. The value of this attribute provides a unique identifier for the templates in question",
        "min": 0,
        "max": "*",
        "base": {
          "path": "CustodianOrganization.templateId",
          "min": 0,
          "max": "*"
        },
        "type": [
          {
            "code": "http://hl7.org/fhir/cda/StructureDefinition/II"
          }
        ]
      },
      {
        "id": "CustodianOrganization.id",
        "path": "CustodianOrganization.id",
        "min": 1,
        "max": "*",
        "base": {
          "path": "CustodianOrganization.id",
          "min": 1,
          "max": "*"
        },
        "type": [
          {
            "code": "http://hl7.org/fhir/cda/StructureDefinition/II"
          }
        ]
      },
      {
        "id": "CustodianOrganization.name",
        "path": "CustodianOrganization.name",
        "min": 0,
        "max": "1",
        "base": {
          "path": "CustodianOrganization.name",
          "min": 0,
          "max": "1"
        },
        "type": [
          {
            "code": "http://hl7.org/fhir/cda/StructureDefinition/ON"
          }
        ]
      },
      {
        "id": "CustodianOrganization.telecom",
        "path": "CustodianOrganization.telecom",
        "min": 0,
        "max": "1",
        "base": {
          "path": "CustodianOrganization.telecom",
          "min": 0,
          "max": "1"
        },
        "type": [
          {
            "code": "http://hl7.org/fhir/cda/StructureDefinition/TEL"
          }
        ]
      },
      {
        "id": "CustodianOrganization.addr",
        "path": "CustodianOrganization.addr",
        "min": 0,
        "max": "1",
        "base": {
          "path": "CustodianOrganization.addr",
          "min": 0,
          "max": "1"
        },
        "type": [
          {
            "code": "http://hl7.org/fhir/cda/StructureDefinition/AD"
          }
        ]
      }
    ]
  },
  "differential": {
    "element": [
      {
        "id": "CustodianOrganization",
        "path": "CustodianOrganization",
        "min": 1,
        "max": "1"
      },
      {
        "id": "CustodianOrganization.classCode",
        "path": "CustodianOrganization.classCode",
        "representation": [
          "xmlAttr"
        ],
        "min": 1,
        "max": "1",
        "type": [
          {
            "code": "code"
          }
        ],
        "defaultValueCode": "ORG",
        "fixedCode": "ORG",
        "binding": {
          "strength": "required",
          "valueSet": "http://terminology.hl7.org/ValueSet/v3-EntityClassOrganization"
        }
      },
      {
        "id": "CustodianOrganization.determinerCode",
        "path": "CustodianOrganization.determinerCode",
        "representation": [
          "xmlAttr"
        ],
        "min": 1,
        "max": "1",
        "type": [
          {
            "code": "code"
          }
        ],
        "defaultValueCode": "INSTANCE",
        "fixedCode": "INSTANCE",
        "binding": {
          "strength": "required",
          "valueSet": "http://terminology.hl7.org/ValueSet/v3-EntityDeterminer"
        }
      },
      {
        "id": "CustodianOrganization.templateId",
        "path": "CustodianOrganization.templateId",
        "definition": "When valued in an instance, this attribute signals the imposition of a set of template-defined constraints. The value of this attribute provides a unique identifier for the templates in question",
        "min": 0,
        "max": "*",
        "type": [
          {
            "code": "http://hl7.org/fhir/cda/StructureDefinition/II"
          }
        ]
      },
      {
        "id": "CustodianOrganization.id",
        "path": "CustodianOrganization.id",
        "min": 1,
        "max": "*",
        "type": [
          {
            "code": "http://hl7.org/fhir/cda/StructureDefinition/II"
          }
        ]
      },
      {
        "id": "CustodianOrganization.name",
        "path": "CustodianOrganization.name",
        "min": 0,
        "max": "1",
        "type": [
          {
            "code": "http://hl7.org/fhir/cda/StructureDefinition/ON"
          }
        ]
      },
      {
        "id": "CustodianOrganization.telecom",
        "path": "CustodianOrganization.telecom",
        "min": 0,
        "max": "1",
        "type": [
          {
            "code": "http://hl7.org/fhir/cda/StructureDefinition/TEL"
          }
        ]
      },
      {
        "id": "CustodianOrganization.addr",
        "path": "CustodianOrganization.addr",
        "min": 0,
        "max": "1",
        "type": [
          {
            "code": "http://hl7.org/fhir/cda/StructureDefinition/AD"
          }
        ]
      }
    ]
  }
}