{
  "resourceType": "StructureDefinition",
  "id": "Guardian",
  "text": {
    "status": "generated",
    "div": "<div xmlns=\"http://www.w3.org/1999/xhtml\">\n      <p>A patient's guardian is a person or organization in the role of guardian (Guardian class). The entity playing the role of guardian is a person (Person class) or organization (Organization class). The entity scoping the role is the patient (Patient class).</p>\n      <p>Where a guardian is not explicitly stated, the value should default to local business practice (e.g. the patient makes their own health care decisions unless incapacitated in which case healthcare decisions are made by the patient's spouse).</p>\n    </div>"
  },
  "extension": [
    {
      "url": "http://hl7.org/fhir/StructureDefinition/elementdefinition-namespace",
      "valueUri": "urn:hl7-org:v3"
    }
  ],
  "url": "http://hl7.org/fhir/cda/StructureDefinition/Guardian",
  "version": "2.1.0",
  "name": "CDAR2.Guardian",
  "title": "Guardian (CDA Class)",
  "status": "active",
  "experimental": false,
  "date": "2019-12-16T15:43:01-08:00",
  "publisher": "Health Level 7",
  "description": "A patient's guardian is a person or organization in the role of guardian (Guardian class). The entity playing the role of guardian is a person (Person class) or organization (Organization class). The entity scoping the role is the patient (Patient class).\nWhere a guardian is not explicitly stated, the value should default to local business practice (e.g. the patient makes their own health care decisions unless incapacitated in which case healthcare decisions are made by the patient's spouse).",
  "fhirVersion": "4.0.1",
  "kind": "logical",
  "abstract": false,
  "type": "Guardian",
  "baseDefinition": "http://hl7.org/fhir/StructureDefinition/Base",
  "derivation": "specialization",
  "snapshot": {
    "element": [
      {
        "id": "Guardian",
        "path": "Guardian",
        "min": 1,
        "max": "1",
        "base": {
          "path": "Base",
          "min": 0,
          "max": "*"
        },
        "isModifier": false
      },
      {
        "id": "Guardian.classCode",
        "path": "Guardian.classCode",
        "representation": [
          "xmlAttr"
        ],
        "min": 1,
        "max": "1",
        "base": {
          "path": "Guardian.classCode",
          "min": 1,
          "max": "1"
        },
        "type": [
          {
            "code": "code"
          }
        ],
        "defaultValueCode": "GUARD",
        "fixedCode": "GUARD",
        "binding": {
          "strength": "required",
          "valueSet": "http://terminology.hl7.org/ValueSet/v3-RoleClassAgent"
        }
      },
      {
        "id": "Guardian.templateId",
        "path": "Guardian.templateId",
        "definition": "When valued in an instance, this attribute signals the imposition of a set of template-defined constraints. The value of this attribute provides a unique identifier for the templates in question",
        "min": 0,
        "max": "*",
        "base": {
          "path": "Guardian.templateId",
          "min": 0,
          "max": "*"
        },
        "type": [
          {
            "code": "http://hl7.org/fhir/cda/StructureDefinition/II"
          }
        ]
      },
      {
        "id": "Guardian.id",
        "path": "Guardian.id",
        "min": 0,
        "max": "*",
        "base": {
          "path": "Guardian.id",
          "min": 0,
          "max": "*"
        },
        "type": [
          {
            "code": "http://hl7.org/fhir/cda/StructureDefinition/II"
          }
        ]
      },
      {
        "id": "Guardian.code",
        "path": "Guardian.code",
        "min": 0,
        "max": "1",
        "base": {
          "path": "Guardian.code",
          "min": 0,
          "max": "1"
        },
        "type": [
          {
            "code": "http://hl7.org/fhir/cda/StructureDefinition/CE"
          }
        ],
        "binding": {
          "strength": "extensible",
          "valueSet": "http://terminology.hl7.org/ValueSet/v3-RoleCode"
        }
      },
      {
        "id": "Guardian.addr",
        "path": "Guardian.addr",
        "min": 0,
        "max": "*",
        "base": {
          "path": "Guardian.addr",
          "min": 0,
          "max": "*"
        },
        "type": [
          {
            "code": "http://hl7.org/fhir/cda/StructureDefinition/AD"
          }
        ]
      },
      {
        "id": "Guardian.telecom",
        "path": "Guardian.telecom",
        "min": 0,
        "max": "*",
        "base": {
          "path": "Guardian.telecom",
          "min": 0,
          "max": "*"
        },
        "type": [
          {
            "code": "http://hl7.org/fhir/cda/StructureDefinition/TEL"
          }
        ]
      },
      {
        "id": "Guardian.guardianPerson",
        "path": "Guardian.guardianPerson",
        "min": 0,
        "max": "1",
        "base": {
          "path": "Guardian.guardianPerson",
          "min": 0,
          "max": "1"
        },
        "type": [
          {
            "code": "http://hl7.org/fhir/cda/StructureDefinition/Person"
          }
        ]
      },
      {
        "id": "Guardian.guardianOrganization",
        "path": "Guardian.guardianOrganization",
        "min": 0,
        "max": "1",
        "base": {
          "path": "Guardian.guardianOrganization",
          "min": 0,
          "max": "1"
        },
        "type": [
          {
            "code": "http://hl7.org/fhir/cda/StructureDefinition/Organization"
          }
        ]
      }
    ]
  },
  "differential": {
    "element": [
      {
        "id": "Guardian",
        "path": "Guardian",
        "min": 1,
        "max": "1"
      },
      {
        "id": "Guardian.classCode",
        "path": "Guardian.classCode",
        "representation": [
          "xmlAttr"
        ],
        "min": 1,
        "max": "1",
        "type": [
          {
            "code": "code"
          }
        ],
        "defaultValueCode": "GUARD",
        "fixedCode": "GUARD",
        "binding": {
          "strength": "required",
          "valueSet": "http://terminology.hl7.org/ValueSet/v3-RoleClassAgent"
        }
      },
      {
        "id": "Guardian.templateId",
        "path": "Guardian.templateId",
        "definition": "When valued in an instance, this attribute signals the imposition of a set of template-defined constraints. The value of this attribute provides a unique identifier for the templates in question",
        "min": 0,
        "max": "*",
        "type": [
          {
            "code": "http://hl7.org/fhir/cda/StructureDefinition/II"
          }
        ]
      },
      {
        "id": "Guardian.id",
        "path": "Guardian.id",
        "min": 0,
        "max": "*",
        "type": [
          {
            "code": "http://hl7.org/fhir/cda/StructureDefinition/II"
          }
        ]
      },
      {
        "id": "Guardian.code",
        "path": "Guardian.code",
        "min": 0,
        "max": "1",
        "type": [
          {
            "code": "http://hl7.org/fhir/cda/StructureDefinition/CE"
          }
        ],
        "binding": {
          "strength": "extensible",
          "valueSet": "http://terminology.hl7.org/ValueSet/v3-RoleCode"
        }
      },
      {
        "id": "Guardian.addr",
        "path": "Guardian.addr",
        "min": 0,
        "max": "*",
        "type": [
          {
            "code": "http://hl7.org/fhir/cda/StructureDefinition/AD"
          }
        ]
      },
      {
        "id": "Guardian.telecom",
        "path": "Guardian.telecom",
        "min": 0,
        "max": "*",
        "type": [
          {
            "code": "http://hl7.org/fhir/cda/StructureDefinition/TEL"
          }
        ]
      },
      {
        "id": "Guardian.guardianPerson",
        "path": "Guardian.guardianPerson",
        "min": 0,
        "max": "1",
        "type": [
          {
            "code": "http://hl7.org/fhir/cda/StructureDefinition/Person"
          }
        ]
      },
      {
        "id": "Guardian.guardianOrganization",
        "path": "Guardian.guardianOrganization",
        "min": 0,
        "max": "1",
        "type": [
          {
            "code": "http://hl7.org/fhir/cda/StructureDefinition/Organization"
          }
        ]
      }
    ]
  }
}